INSERT INTO admin VALUES
('ADM01', 'Jocelyn Jolie', 'jolie01@gmail.com', 'jolie123', 0),
('ADM02', 'Putu Diahloka Mahaputri', 'diah02@gmail.com', 'pdiah456', 0),
('ADM03', 'Cecilia Agusta Leo', 'cecil03@gmail.com', 'cecil789', 0),
('ADM04', 'Malvin', 'malvin04@gmail.com', 'malvin012', 0),
('ADM05', 'Jefferson', 'jefferson05@gmail.com', 'jefferson345', 0);

INSERT INTO jenjang VALUES
('J01', 'SD', '1', 0),
('J02', 'SD', '2', 0),
('J03', 'SD', '3', 0),
('J04', 'SD', '4', 0),
('J05', 'SD', '5', 0),
('J06', 'SD', '6', 0),
('J07', 'SMP', '7', 0),
('J08', 'SMP', '8', 0),
('J09', 'SMP', '9', 0),
('J10', 'SMA', '10', 0),
('J11', 'SMA', '11', 0),
('J12', 'SMA', '12', 0);

INSERT INTO mapel VALUES
('J01MAT01', 'J01', 'Matematika', 0),
('J01BIN01', 'J01', 'Bahasa Indonesia', 0),
('J01IPA01', 'J01', 'Ilmu Pengetahuan Alam', 0),
('J02MAT01', 'J02', 'Matematika', 0),
('J02BIN01', 'J02', 'Bahasa Indonesia', 0),
('J02IPS01', 'J02', 'Ilmu Pengetahuan Sosial', 0),
('J03MAT01', 'J03', 'Matematika', 0),
('J03BIN01', 'J03', 'Bahasa Indonesia', 0),
('J03IPA01', 'J03', 'Ilmu Pengetahuan Alam', 0),
('J04MAT01', 'J04', 'Matematika', 0),
('J04BIN01', 'J04', 'Bahasa Indonesia', 0),
('J04IPS01', 'J04', 'Ilmu Pengetahuan Sosial', 0),
('J05MAT01', 'J05', 'Matematika', 0),
('J05BIN01', 'J05', 'Bahasa Indonesia', 0),
('J05IPA01', 'J05', 'Ilmu Pengetahuan Alam', 0),
('J06MAT01', 'J06', 'Matematika', 0),
('J06BIN01', 'J06', 'Bahasa Indonesia', 0),
('J06IPS01', 'J06', 'Ilmu Pengetahuan Sosial', 0),
('J07MAT01', 'J07', 'Matematika', 0),
('J07BIN01', 'J07', 'Bahasa Indonesia', 0),
('J07IPA01', 'J07', 'Ilmu Pengetahuan Alam', 0),
('J07ENG02', 'J07', 'English', 0),
('J08MAT01', 'J08', 'Matematika', 0),
('J08BIN01', 'J08', 'Bahasa Indonesia', 0),
('J08IPS01', 'J08', 'Ilmu Pengetahuan Sosial', 0),
('J08ENG02', 'J08', 'English', 0),
('J09MAT01', 'J09', 'Matematika', 0),
('J09BIN01', 'J09', 'Bahasa Indonesia', 0),
('J09IPA01', 'J09', 'Ilmu Pengetahuan Alam', 0),
('J09ENG02', 'J09', 'English', 0),
('J10MAT01', 'J10', 'Matematika', 0),
('J10FIS01', 'J10', 'Fisika', 0),
('J10BIO01', 'J10', 'Biologi', 0),
('J10ENG02', 'J10', 'English', 0),
('J11MAT01', 'J11', 'Matematika', 0),
('J11KIM01', 'J11', 'Kimia', 0),
('J11SEJ01', 'J11', 'Sejarah', 0),
('J11ENG02', 'J11', 'English', 0),
('J12MAT01', 'J12', 'Matematika', 0),
('J12EKO01', 'J12', 'Ekonomi', 0),
('J12SOS01', 'J12', 'Sosiologi', 0),
('J12ENG02', 'J12', 'English', 0);

INSERT INTO materi (id_materi, id_mapel, nama_materi, status_del) VALUES
('MAT01MT01', 'J01MAT01', 'Pengenalan Angka', 0),
('MAT01MT02', 'J01MAT01', 'Penjumlahan Dasar', 0),
('MAT01MT03', 'J01MAT01', 'Pengurangan Dasar', 0),
('MAT01MT04', 'J01MAT01', 'Bentuk dan Ukuran', 0),
('MAT01MT05', 'J01MAT01', 'Pengenalan Waktu', 0),
('BIN01MT01', 'J01BIN01', 'Mengenal Huruf', 0),
('BIN01MT02', 'J01BIN01', 'Membaca Kata Sederhana', 0),
('BIN01MT03', 'J01BIN01', 'Menulis Nama Sendiri', 0),
('BIN01MT04', 'J01BIN01', 'Kata Benda dan Kata Kerja', 0),
('BIN01MT05', 'J01BIN01', 'Cerita Pendek', 0),
('IPA01MT01', 'J01IPA01', 'Pengenalan Tubuh', 0),
('IPA01MT02', 'J01IPA01', 'Panca Indra', 0),
('IPA01MT03', 'J01IPA01', 'Hewan di Sekitar', 0),
('IPA01MT04', 'J01IPA01', 'Tumbuhan di Sekitar', 0),
('IPA01MT05', 'J01IPA01', 'Cuaca dan Musim', 0),

('MAT01MT06', 'J02MAT01', 'Penjumlahan dan Pengurangan', 0),
('MAT01MT07', 'J02MAT01', 'Pengukuran Panjang', 0),
('MAT01MT08', 'J02MAT01', 'Bangun Datar', 0),
('MAT01MT09', 'J02MAT01', 'Perbandingan', 0),
('MAT01MT10', 'J02MAT01', 'Bilangan Genap dan Ganjil', 0),
('BIN01MT06', 'J02BIN01', 'Menulis Kalimat', 0),
('BIN01MT07', 'J02BIN01', 'Cerita Rakyat', 0),
('BIN01MT08', 'J02BIN01', 'Kosakata Harian', 0),
('BIN01MT09', 'J02BIN01', 'Percakapan Sederhana', 0),
('BIN01MT10', 'J02BIN01', 'Puisi Anak', 0),
('IPS01MT01', 'J02IPS01', 'Lingkungan Sekitar', 0),
('IPS01MT02', 'J02IPS01', 'Keluarga', 0),
('IPS01MT03', 'J02IPS01', 'Profesi di Sekitar Kita', 0),
('IPS01MT04', 'J02IPS01', 'Peta Sederhana', 0),
('IPS01MT05', 'J02IPS01', 'Waktu dan Kalender', 0),

('MAT01MT11', 'J03MAT01', 'Perkalian', 0),
('MAT01MT12', 'J03MAT01', 'Pembagian', 0),
('MAT01MT13', 'J03MAT01', 'Pecahan Sederhana', 0),
('MAT01MT14', 'J03MAT01', 'Data dan Diagram', 0),
('MAT01MT15', 'J03MAT01', 'Uang dan Belanja', 0),
('BIN01MT11', 'J03BIN01', 'Menulis Cerita', 0),
('BIN01MT12', 'J03BIN01', 'Teks Deskripsi', 0),
('BIN01MT13', 'J03BIN01', 'Membaca Lancar', 0),
('BIN01MT14', 'J03BIN01', 'Kosakata Baru', 0),
('BIN01MT15', 'J03BIN01', 'Dialog Sederhana', 0),
('IPA01MT06', 'J03IPA01', 'Sumber Energi', 0),
('IPA01MT07', 'J03IPA01', 'Sifat Benda', 0),
('IPA01MT08', 'J03IPA01', 'Hewan dan Habitat', 0),
('IPA01MT09', 'J03IPA01', 'Air dan Udara', 0),
('IPA01MT10', 'J03IPA01', 'Kegiatan Manusia', 0),

('MAT01MT16', 'J04MAT01', 'Pecahan dan Desimal', 0),
('MAT01MT17', 'J04MAT01', 'Pengukuran Berat', 0),
('MAT01MT18', 'J04MAT01', 'Bangun Ruang', 0),
('MAT01MT19', 'J04MAT01', 'Perbandingan dan Skala', 0),
('MAT01MT20', 'J04MAT01', 'Data dan Statistik', 0),
('BIN01MT16', 'J04BIN01', 'Menulis Karangan', 0),
('BIN01MT17', 'J04BIN01', 'Membaca Puisi', 0),
('BIN01MT18', 'J04BIN01', 'Teks Narasi', 0),
('BIN01MT19', 'J04BIN01', 'Mengenal Sinonim dan Antonim', 0),
('BIN01MT20', 'J04BIN01', 'Membuat Surat', 0),
('IPS01MT06', 'J04IPS01', 'Keragaman Budaya', 0),
('IPS01MT07', 'J04IPS01', 'Peta dan Navigasi', 0),
('IPS01MT08', 'J04IPS01', 'Sumber Daya Alam', 0),
('IPS01MT09', 'J04IPS01', 'Sejarah Lokal', 0),
('IPS01MT10', 'J04IPS01', 'Kegiatan Ekonomi', 0),

('MAT01MT21', 'J05MAT01', 'Perbandingan dan Proporsi', 0),
('MAT01MT22', 'J05MAT01', 'Bilangan Bulat', 0),
('MAT01MT23', 'J05MAT01', 'Pecahan dan Persentase', 0),
('MAT01MT24', 'J05MAT01', 'Pengukuran Waktu dan Panjang', 0),
('MAT01MT25', 'J05MAT01', 'Grafik dan Diagram', 0),
('BIN01MT21', 'J05BIN01', 'Cerita Pendek dan Cerita Rakyat', 0),
('BIN01MT22', 'J05BIN01', 'Menyusun Paragraf', 0),
('BIN01MT23', 'J05BIN01', 'Kata Kerja dan Kata Sifat', 0),
('BIN01MT24', 'J05BIN01', 'Mengurai Teks', 0),
('BIN01MT25', 'J05BIN01', 'Menulis Surat Resmi', 0),
('IPA01MT11', 'J05IPA01', 'Sistem Pernapasan', 0),
('IPA01MT12', 'J05IPA01', 'Energi dan Perubahannya', 0),
('IPA01MT13', 'J05IPA01', 'Siklus Air', 0),
('IPA01MT14', 'J05IPA01', 'Tanaman dan Hewan', 0),
('IPA01MT15', 'J05IPA01', 'Pengaruh Lingkungan', 0),

('MAT01MT26', 'J06MAT01', 'Aljabar Dasar', 0),
('MAT01MT27', 'J06MAT01', 'Statistika Sederhana', 0),
('MAT01MT28', 'J06MAT01', 'Bangun Datar Lanjut', 0),
('MAT01MT29', 'J06MAT01', 'Pengukuran Volume', 0),
('MAT01MT30', 'J06MAT01', 'Peluang Dasar', 0),
('BIN01MT26', 'J06BIN01', 'Membaca Puisi dan Cerita', 0),
('BIN01MT27', 'J06BIN01', 'Teks Eksposisi', 0),
('BIN01MT28', 'J06BIN01', 'Mengidentifikasi Informasi', 0),
('BIN01MT29', 'J06BIN01', 'Membuat Cerita', 0),
('BIN01MT30', 'J06BIN01', 'Kata Hubung', 0),
('IPS01MT11', 'J06IPS01', 'Sejarah Indonesia', 0),
('IPS01MT12', 'J06IPS01', 'Kerja Sama Sosial', 0),
('IPS01MT13', 'J06IPS01', 'Perubahan Sosial', 0),
('IPS01MT14', 'J06IPS01', 'Sistem Pemerintahan', 0),
('IPS01MT15', 'J06IPS01', 'Geografi Indonesia', 0),

('MAT01MT31', 'J07MAT01', 'Persamaan Linear', 0),
('MAT01MT32', 'J07MAT01', 'Fungsi dan Grafik', 0),
('MAT01MT33', 'J07MAT01', 'Sistem Persamaan', 0),
('MAT01MT34', 'J07MAT01', 'Pertidaksamaan', 0),
('MAT01MT35', 'J07MAT01', 'Statistika dan Peluang', 0),
('BIN01MT31', 'J07BIN01', 'Teks Deskripsi dan Narasi', 0),
('BIN01MT32', 'J07BIN01', 'Penggunaan Ejaan', 0),
('BIN01MT33', 'J07BIN01', 'Kaidah Bahasa', 0),
('BIN01MT34', 'J07BIN01', 'Menganalisis Teks', 0),
('BIN01MT35', 'J07BIN01', 'Menyusun Paragraf', 0),
('IPA01MT16', 'J07IPA01', 'Sistem Organ Tubuh', 0),
('IPA01MT17', 'J07IPA01', 'Energi dan Perubahannya', 0),
('IPA01MT18', 'J07IPA01', 'Sifat Zat', 0),
('IPA01MT19', 'J07IPA01', 'Gerak dan Gaya', 0),
('IPA01MT20', 'J07IPA01', 'Lingkungan Hidup', 0),
('ENG02MT01', 'J07ENG02', 'Basic Grammar', 0),
('ENG02MT02', 'J07ENG02', 'Vocabulary Building', 0),
('ENG02MT03', 'J07ENG02', 'Simple Conversation', 0),
('ENG02MT04', 'J07ENG02', 'Reading Comprehension', 0),
('ENG02MT05', 'J07ENG02', 'Writing Basic Sentences', 0),

('MAT01MT36', 'J08MAT01', 'Aljabar Lanjut', 0),
('MAT01MT37', 'J08MAT01', 'Fungsi Kuadrat', 0),
('MAT01MT38', 'J08MAT01', 'Statistika', 0),
('MAT01MT39', 'J08MAT01', 'Geometri', 0),
('MAT01MT40', 'J08MAT01', 'Peluang', 0),
('BIN01MT36', 'J08BIN01', 'Teks Eksposisi', 0),
('BIN01MT37', 'J08BIN01', 'Analisis Teks', 0),
('BIN01MT38', 'J08BIN01', 'Kaidah Bahasa Lanjut', 0),
('BIN01MT39', 'J08BIN01', 'Menyusun Paragraf Lanjut', 0),
('BIN01MT40', 'J08BIN01', 'Penulisan Esai', 0),
('IPS01MT16', 'J08IPS01', 'Sejarah Indonesia Modern', 0),
('IPS01MT17', 'J08IPS01', 'Geografi dan Lingkungan', 0),
('IPS01MT18', 'J08IPS01', 'Sistem Pemerintahan', 0),
('IPS01MT19', 'J08IPS01', 'Sosial Budaya', 0),
('IPS01MT20', 'J08IPS01', 'Ekonomi Dasar', 0),
('ENG02MT06', 'J08ENG02', 'Intermediate Grammar', 0),
('ENG02MT07', 'J08ENG02', 'Conversation Practice', 0),
('ENG02MT08', 'J08ENG02', 'Reading Longer Texts', 0),
('ENG02MT09', 'J08ENG02', 'Writing Paragraphs', 0),
('ENG02MT10', 'J08ENG02', 'Listening Comprehension', 0),

('MAT01MT41', 'J09MAT01', 'Fungsi dan Grafik', 0),
('MAT01MT42', 'J09MAT01', 'Persamaan Kuadrat', 0),
('MAT01MT43', 'J09MAT01', 'Transformasi Geometri', 0),
('MAT01MT44', 'J09MAT01', 'Statistika dan Peluang', 0),
('MAT01MT45', 'J09MAT01', 'Barisan dan Deret', 0),
('BIN01MT41', 'J09BIN01', 'Teks Argumentasi', 0),
('BIN01MT42', 'J09BIN01', 'Kaidah Bahasa Indonesia', 0),
('BIN01MT43', 'J09BIN01', 'Menganalisis Teks', 0),
('BIN01MT44', 'J09BIN01', 'Menulis Esai', 0),
('BIN01MT45', 'J09BIN01', 'Pidato', 0),
('IPA01MT21', 'J09IPA01', 'Struktur Sel', 0),
('IPA01MT22', 'J09IPA01', 'Sistem Organisasi Kehidupan', 0),
('IPA01MT23', 'J09IPA01', 'Fisika Dasar', 0),
('IPA01MT24', 'J09IPA01', 'Kimia Dasar', 0),
('IPA01MT25', 'J09IPA01', 'Lingkungan dan Ekosistem', 0),
('IPA01MT26', 'J09IPA01', 'Sistem Tata Surya', 0),
('ENG02MT11', 'J09ENG02', 'Advanced Grammar', 0),
('ENG02MT12', 'J09ENG02', 'Essay Writing', 0),
('ENG02MT13', 'J09ENG02', 'Literature Analysis', 0),
('ENG02MT14', 'J09ENG02', 'Public Speaking', 0),
('ENG02MT15', 'J09ENG02', 'Debate Skills', 0),
('MAT01MT46', 'J10MAT01', 'Trigonometri Dasar', 0),
('MAT01MT47', 'J10MAT01', 'Limit dan Fungsi', 0),
('MAT01MT48', 'J10MAT01', 'Derivatif', 0),
('MAT01MT49', 'J10MAT01', 'Integral Dasar', 0),
('MAT01MT50', 'J10MAT01', 'Statistika Lanjut', 0),
('BIO01MT01', 'J10BIO01', 'Keanekaragaman Hayati', 0),
('BIO01MT02', 'J10BIO01', 'Klasifikasi Makhluk Hidup', 0),
('BIO01MT03', 'J10BIO01', 'Sel Sebagai Unit Kehidupan', 0),
('BIO01MT04', 'J10BIO01', 'Jaringan pada Tumbuhan dan Hewan', 0),
('BIO01MT05', 'J10BIO01', 'Sistem Organisasi Kehidupan', 0),
('FIS01MT01', 'J10FIS01', 'Besaran dan Satuan', 0),
('FIS01MT02', 'J10FIS01', 'Gerak Lurus', 0),
('FIS01MT03', 'J10FIS01', 'Hukum Newton tentang Gerak', 0),
('FIS01MT04', 'J10FIS01', 'Usaha dan Energi', 0),
('FIS01MT05', 'J10FIS01', 'Momentum dan Impuls', 0),
('ENG02MT16', 'J10ENG02', 'Academic Writing', 0),
('ENG02MT17', 'J10ENG02', 'Advanced Reading', 0),
('ENG02MT18', 'J10ENG02', 'Speech and Presentation', 0),
('ENG02MT19', 'J10ENG02', 'Critical Thinking', 0),
('ENG02MT20', 'J10ENG02', 'Research Methods', 0),

('MAT01MT51', 'J11MAT01', 'Kalkulus Lanjut', 0),
('MAT01MT52', 'J11MAT01', 'Aljabar Linear', 0),
('MAT01MT53', 'J11MAT01', 'Geometri Analitik', 0),
('MAT01MT54', 'J11MAT01', 'Statistika Terapan', 0),
('MAT01MT55', 'J11MAT01', 'Peluang Lanjut', 0),
('SEJ01MT01', 'J11SEJ01', 'Kerajaan-Kerajaan Islam di Indonesia', 0),
('SEJ01MT02', 'J11SEJ01', 'Perkembangan Kolonialisme dan Imperialisme di Indonesia', 0),
('SEJ01MT03', 'J11SEJ01', 'Perlawanan Bangsa Indonesia terhadap Kolonialisme', 0),
('SEJ01MT04', 'J11SEJ01', 'Kebangkitan Nasional dan Pergerakan Nasional Indonesia', 0),
('SEJ01MT05', 'J11SEJ01', 'Kehidupan Bangsa Indonesia Masa Pendudukan Jepang', 0),
('KIM01MT01', 'J11KIM01', 'Sistem Periodik Unsur', 0),
('KIM01MT02', 'J11KIM01', 'Ikatan Kimia', 0),
('KIM01MT03', 'J11KIM01', 'Hukum Dasar Kimia', 0),
('KIM01MT04', 'J11KIM01', 'Reaksi Redoks dan Elektrokimia', 0),
('KIM01MT05', 'J11KIM01', 'Larutan Asam dan Basa', 0),
('ENG02MT21', 'J11ENG02', 'Literary Criticism', 0),
('ENG02MT22', 'J11ENG02', 'Advanced Research', 0),
('ENG02MT23', 'J11ENG02', 'Oral Communication', 0),
('ENG02MT24', 'J11ENG02', 'Creative Writing', 0),
('ENG02MT25', 'J11ENG02', 'Debate and Rhetoric', 0),

('MAT01MT56', 'J12MAT01', 'Matematika Diskrit', 0),
('MAT01MT57', 'J12MAT01', 'Analisis Real', 0),
('MAT01MT58', 'J12MAT01', 'Topologi', 0),
('MAT01MT59', 'J12MAT01', 'Teori Bilangan', 0),
('MAT01MT60', 'J12MAT01', 'Matematika Terapan', 0),
('EKO01MT01', 'J12EKO01', 'Pendapatan Nasional', 0),
('EKO01MT02', 'J12EKO01', 'Ketergantungan dan Perdagangan Internasional', 0),
('EKO01MT03', 'J12EKO01', 'Ketenagakerjaan dan Masalah Pengangguran', 0),
('EKO01MT04', 'J12EKO01', 'Anggaran Pendapatan dan Belanja Negara (APBN)', 0),
('EKO01MT05', 'J12EKO01', 'Peran Lembaga Keuangan', 0),
('SOS01MT01', 'J12SOS01', 'Perubahan Sosial', 0),
('SOS01MT02', 'J12SOS01', 'Globalisasi dan Dampaknya terhadap Kehidupan Sosial', 0),
('SOS01MT03', 'J12SOS01', 'Konflik Sosial dan Integrasi Sosial', 0),
('SOS01MT04', 'J12SOS01', 'Pemberdayaan Komunitas', 0),
('SOS01MT05', 'J12SOS01', 'Ketimpangan Sosial sebagai Dampak Perubahan Sosial', 0),
('ENG02MT26', 'J12ENG02', 'Advanced Literary Studies', 0),
('ENG02MT27', 'J12ENG02', 'Research Writing', 0),
('ENG02MT28', 'J12ENG02', 'Professional Communication', 0),
('ENG02MT29', 'J12ENG02', 'Public Speaking Advanced', 0),
('ENG02MT30', 'J12ENG02', 'Critical Analysis', 0);

INSERT INTO ruangan VALUES
('R01', 'Kelas A', 10, 0),
('R02', 'Kelas B', 10, 0),
('R03', 'Kelas C', 15, 0),
('R04', 'Kelas D', 10, 0),
('R05', 'Kelas E', 15, 0),
('R06', 'Lab Komputer', 10, 0),
('R07', 'Ruang Matematika', 10, 0),
('R08', 'Ruang Bahasa Inggris', 10, 0),
('R09', 'Ruang IPA', 10, 0),
('R10', 'Ruang Seni & Kreatif', 10, 0),
('R11', 'Ruang Musik', 10, 1),
('R12', 'Ruang Multimedia', 10, 0),
('R13', 'Ruang Persiapan Ujian', 10, 0),
('R14', 'Ruang Speaking Class', 10, 0);

INSERT INTO tutor (id_tutor, nama, email, kota, telepon, rating, password, status_del) VALUES
('A01', 'Andi Wijaya', 'andi.wijaya@gmail.com', 'Jakarta', '081234567890', '5', 'andiwi12', 0),
('B01', 'Budi Santoso', 'budi.santoso@gmail.com', 'Bandung', '082345678901', '4', 'budisa22', 0),
('C01', 'Citra Dewi', 'citra.dewi@gmail.com', 'Surabaya', '083456789012', '3', 'citrad78', 0),
('D01', 'Dewi Lestari', 'dewi.lestari@gmail.com', 'Medan', '084567890123', '5', 'dewile56', 0),
('E01', 'Eko Prasetyo', 'eko.prasetyo@gmail.com', 'Semarang', '085678901234', '2', 'ekopra55', 0),
('F01', 'Fajar Nugroho', 'fajar.nugroho@gmail.com', 'Yogyakarta', '081987654321', '4', 'fajarnu01', 0),
('G01', 'Gita Ramadhani', 'gita.ramadhani@gmail.com', 'Jakarta', '082876543210', '5', 'gitara57', 0),
('H01', 'Hadi Setiawan', 'hadi.setiawan@gmail.com', 'Bekasi', '083765432109', '3', 'hadise36', 0),
('I01', 'Indah Permata', 'indah.permata@gmail.com', 'Depok', '084654321098', '4', 'indahp96', 0),
('J01', 'Joko Susanto', 'joko.susanto@gmail.com', 'Malang', '085543210987', '5', 'jokosu68', 0),
('K01', 'Kiki Amelia', 'kiki.amelia@gmail.com', 'Bogor', '081432109876', '2', 'kikiam888', 0),
('L01', 'Lina Marlina', 'lina.marlina@gmail.com', 'Jakarta', '082543210987', '3', 'linama45', 0),
('M01', 'Maya Sari', 'maya.sari@gmail.com', 'Bandung', '083654321098', '4', 'mayasa70', 0),
('N01', 'Nando Pratama', 'nando.pratama@gmail.com', 'Surabaya', '084765432109', '5', 'nandop022', 0),
('O01', 'Oki Nugraha', 'oki.nugraha@gmail.com', 'Medan', '085876543210', '4', 'okinug00', 0),
('P01', 'Putu Adi', 'putu.adi@gmail.com', 'Denpasar', '081098765432', '3', 'putuad35', 0),
('R01', 'Rina Lestari', 'rina.lestari@gmail.com', 'Jakarta', '082109876543', '5', 'rinale39', 0),
('S01', 'Sari Dewi', 'sari.dewi@gmail.com', 'Makassar', '083210987654', '4', 'saride42', 0),
('T01', 'Tono Wijaya', 'tono.wijaya@gmail.com', 'Palembang', '084321098765', '3', 'tonowi40', 0),
('U01', 'Umi Kalsum', 'umi.kalsum@gmail.com', 'Jakarta', '085432109876', '5', 'umikal41', 0),
('V01', 'Vina Oktavia', 'vina.oktavia@gmail.com', 'Bandung', '081234567891', '4', 'vinaok58', 0),
('W01', 'Wawan Setiawan', 'wawan.setiawan@gmail.com', 'Surabaya', '082345678902', '3', 'wawase57', 0),
('X01', 'Xena Putri', 'xena.putri@gmail.com', 'Jakarta', '083456789013', '5', 'xenapu69', 0),
('Y01', 'Yusuf Rahman', 'yusuf.rahman@gmail.com', 'Medan', '084567890124', '4', 'yusufr75', 0),
('Z01', 'Zahra Salsabila', 'zahra.salsabila@gmail.com', 'Semarang', '085678901235', '5', 'zahras44', 0),
('A02', 'Aditya Pratama', 'aditya.pratama@gmail.com', 'Yogyakarta', '081987654322', '3', 'adityap42', 0),
('B02', 'Bella Anggraini', 'bella.anggraini@gmail.com', 'Jakarta', '082876543211', '4', 'bellaa35', 0),
('C02', 'Charlie Wijaya', 'charlie.wijaya@gmail.com', 'Bekasi', '083765432110', '5', 'charliw99', 0),
('D02', 'Dina Puspita', 'dina.puspita@gmail.com', 'Depok', '084654321099', '3', 'dinapu12', 0),
('E02', 'Eka Saputra', 'eka.saputra@gmail.com', 'Malang', '085543210988', '4', 'ekasap61', 0),
('F02', 'Fiona Marlina', 'fiona.marlina@gmail.com', 'Bogor', '081432109877', '5', 'fionam18', 0),
('G02', 'Gilang Prasetyo', 'gilang.prasetyo@gmail.com', 'Jakarta', '082543210988', '2', 'gilangp02', 0),
('H02', 'Hana Nuraini', 'hana.nuraini@gmail.com', 'Bandung', '083654321099', '3', 'hananu40', 0),
('I02', 'Iqbal Fajar', 'iqbal.fajar@gmail.com', 'Surabaya', '084765432110', '4', 'iqbalf06', 0),
('J02', 'Jeni Ramadhani', 'jeni.ramadhani@gmail.com', 'Medan', '085876543211', '5', 'jenira08', 0),
('K02', 'Kurniawan', 'kurniawan@gmail.com', 'Denpasar', '081098765433', '3', 'kurnia07', 0),
('L02', 'Lili Marlina', 'lili.marlina@gmail.com', 'Jakarta', '082109876544', '4', 'lilima78', 0),
('M02', 'Mila Sari', 'mila.sari@gmail.com', 'Makassar', '083210987655', '5', 'milasa25', 0),
('N02', 'Nugroho', 'nugroho@gmail.com', 'Palembang', '084321098766', '2', 'nugroh45', 0),
('O02', 'Oni Putri', 'oni.putri@gmail.com', 'Jakarta', '085432109877', '4', 'oniput622', 0),
('P02', 'Putri Maharani', 'putri.maharani@gmail.com', 'Bandung', '081234567892', '5', 'putrim45', 0),
('Q01', 'Qori Nur', 'qori.nur@gmail.com', 'Surabaya', '082345678903', '3', 'qorinu36', 0),
('R02', 'Rizki Hidayat', 'rizki.hidayat@gmail.com', 'Jakarta', '083456789014', '4', 'rizkih254', 0),
('S02', 'Sinta Dewi', 'sinta.dewi@gmail.com', 'Medan', '084567890125', '5', 'sintad422', 0),
('T02', 'Teguh Santoso', 'teguh.santoso@gmail.com', 'Semarang', '085678901236', '3', 'teguhs155', 0),
('U02', 'Ulfa Kurnia', 'ulfa.kurnia@gmail.com', 'Yogyakarta', '081987654323', '4', 'ulfaku14', 0),
('V02', 'Vito Anggara', 'vito.anggara@gmail.com', 'Jakarta', '082876543212', '5', 'vitoa364', 0),
('W02', 'Widi Astuti', 'widi.astuti@gmail.com', 'Bekasi', '083765432111', '3', 'widia87', 0),
('X02', 'Xavier', 'xavier@gmail.com', 'Depok', '084654321100', '4', 'xavier36', 0),
('Y02', 'Yulianti', 'yulianti@gmail.com', 'Malang', '085543210989', '5', 'yulian345', 0);

INSERT INTO biaya_tutor (id_mapel, id_jenjang, id_tutor, biaya, status_del) VALUES
('J01BIN01', 'J01', 'A01', 120000, 0),
('J01IPA01', 'J01', 'A01', 120000, 0),
('J01MAT01', 'J01', 'B01', 150000, 0),
('J02BIN01', 'J02', 'B01', 150000, 0),
('J02IPS01', 'J02', 'C01', 155000, 0),
('J02MAT01', 'J02', 'L02', 190000, 0),
('J03BIN01', 'J03', 'D01', 110000, 0),
('J03IPA01', 'J03', 'E01', 110000, 0),
('J03MAT01', 'J03', 'F01', 160000, 0),
('J04BIN01', 'J04', 'G01', 190000, 0),
('J04IPS01', 'J04', 'H01', 115000, 0),
('J04MAT01', 'J04', 'I01', 145000, 0),
('J05BIN01', 'J05', 'J01', 185000, 0),
('J05IPA01', 'J05', 'K01', 150000, 0),
('J05MAT01', 'J05', 'L01', 175000, 0),
('J06BIN01', 'J06', 'M01', 125000, 0),
('J06IPS01', 'J06', 'N01', 155000, 0),
('J06MAT01', 'J06', 'O01', 170000, 0),
('J07BIN01', 'J07', 'P01', 110000, 0),
('J07ENG02', 'J07', 'R01', 185000, 0),
('J07IPA01', 'J07', 'S01', 140000, 0),
('J07MAT01', 'J07', 'T01', 115000, 0),
('J08BIN01', 'J08', 'U01', 190000, 0),
('J08ENG02', 'J08', 'V01', 155000, 0),
('J08IPS01', 'J08', 'W01', 120000, 0),
('J08MAT01', 'J08', 'X01', 180000, 0),
('J09BIN01', 'J09', 'Y01', 150000, 0),
('J09ENG02', 'J09', 'Z01', 120000, 0),
('J09IPA01', 'J09', 'A02', 185000, 0),
('J09MAT01', 'J09', 'B02', 145000, 0),
('J10BIO01', 'J10', 'C02', 185000, 0),
('J10ENG02', 'J10', 'D02', 115000, 0),
('J10FIS01', 'J10', 'E02', 150000, 0),
('J10MAT01', 'J10', 'F02', 190000, 0),
('J11ENG02', 'J11', 'G02', 110000, 0),
('J11KIM01', 'J11', 'H02', 145000, 0),
('J11MAT01', 'J11', 'I02', 175000, 0),
('J11SEJ01', 'J11', 'J02', 115000, 0),
('J12EKO01', 'J12', 'K02', 150000, 0),
('J12ENG02', 'J12', 'M02', 120000, 0),
('J12MAT01', 'J12', 'N02', 150000, 0),
('J12SOS01', 'J12', 'O02', 115000, 0),
('J12MAT01', 'J12', 'P02', 145000, 0),
('J12ENG02', 'J12', 'Q01', 190000, 0),
('J10MAT01', 'J10', 'R02', 110000, 0),
('J09ENG02', 'J09', 'S02', 150000, 0),
('J07BIN01', 'J07', 'T02', 190000, 0),
('J05MAT01', 'J03', 'U02', 155000, 0),
('J03BIN01', 'J03', 'V02', 115000, 0),
('J01BIN01', 'J01', 'W02', 150000, 0),
('J04IPS01', 'J04', 'X02', 180000, 0),
('J10FIS01', 'J10', 'Y02', 120000, 0);

INSERT INTO orangtua (id_ortu, nama, telepon, status_del) VALUES
('OT001', 'Adi Nugroho', '081234567890', 0),
('OT002', 'Budi Doremi', '082345678901', 0),
('OT003', 'Rani Wulandari', '083456789012', 0),
('OT004', 'Rosita Anggraini', '084567890123', 0),
('OT005', 'Eko Prasetyo', '085678901234', 0),
('OT006', 'Fajar Ramadhan', '086789012345', 0),
('OT007', 'Gina Catalina', '087890123456', 0),
('OT008', 'Hendra Saputra', '088901234567', 0),
('OT009', 'Intan Permata', '089012345678', 0),
('OT010', 'Subianto Widodo', '081345678901', 0),
('OT011', 'Kartika Gianina', '082456789012', 0),
('OT012', 'Lukman Hakim', '083567890123', 0),
('OT013', 'Maya Luna', '084678901234', 0),
('OT014', 'Nanda Artha', '085789012345', 0),
('OT015', 'Raditya Angkasa', '086890123456', 0),
('OT016', 'Ningrum Amalia', '087901234567', 0),
('OT017', 'Qory Hikmah', '088012345678', 0),
('OT018', 'Rizky Darmawan', '089123456789', 0),
('OT019', 'Yulia Puspitasari', '081234560987', 0),
('OT020', 'Gibran Rakabuming', '082345671098', 0),
('OT021', 'Ulfah Azzahra', '083456782109', 0),
('OT022', 'Vina Kurniawati', '084567893210', 0),
('OT023', 'Wahyu Redjo', '085678904321', 0),
('OT024', 'Xaverius Tamba', '086789015432', 0),
('OT025', 'Yani Rahayu', '087890126543', 0),
('OT026', 'Eka Putra', '081876543212', 0),
('OT027', 'Fahmi Ridwan', '082123456789', 0),
('OT028', 'Gita Anjali', '083987654321', 0),
('OT029', 'Hadi Pratama', '084192837465', 0),
('OT030', 'Indah Maryati', '085564738291', 0),
('OT031', 'Bambang Susilo', '086918273645', 0),
('OT032', 'Milea Husain', '087182736455', 0),
('OT033', 'Lukman Hakim', '088091827364', 0),
('OT034', 'Dewi Persik', '089564738291', 0),
('OT035', 'Angga Yunanda', '081098765432', 0),
('OT036', 'Oki Raharja', '082123987654', 0),
('OT037', 'Suparta Wibowo', '083564738291', 0),
('OT038', 'Qonita Fitria', '084987654321', 0),
('OT039', 'Rifki Muzaki', '085192837465', 0),
('OT040', 'Yanti Melati', '086564738291', 0),
('OT041', 'Surya Santoso', '087918273645', 0),
('OT042', 'Umi Kurnia', '088182736455', 0),
('OT043', 'Vito Pratama', '089091827364', 0),
('OT044', 'Winda Hasanah', '081564738291', 0),
('OT045', 'Widia Ananda', '082098765432', 0),
('OT046', 'Fattah Syach', '083123987654', 0),
('OT047', 'Mario Teguh', '084564738291', 0),
('OT048', 'Agung Santika', '085987654321', 0),
('OT049', 'Bima Jaya', '086192837465', 0),
('OT050', 'Citra Lestari', '087564738291', 0),
('OT051', 'Oktavianus Erectus', '086664567891', 0),
('OT052', 'Raisa Bianca', '087664567892', 0),
('OT053', 'Qomarudin Saleh', '088664567893', 0),
('OT054', 'Rismawati Fadillah', '089664567894', 0),
('OT055', 'Satria Nugraha', '081774567895', 0),
('OT056', 'Tari Anindya', '082774567896', 0),
('OT057', 'Utami Wulandari', '083774567897', 0),
('OT058', 'Vino Kurniawan', '084774567898', 0),
('OT059', 'Wulan Dewina', '085774567899', 0),
('OT060', 'Xaverius Rida', '086774567890', 0),
('OT061', 'Yuliana Hanum', '087774567891', 0),
('OT062', 'Zulkifli Hasan', '088774567892', 0),
('OT063', 'Agus Riyanto', '089774567893', 0),
('OT064', 'Bunga Paramita', '081884567894', 0),
('OT065', 'Chandra Aruna', '082884567895', 0),
('OT066', 'Dela Permatasari', '083884567896', 0),
('OT067', 'William Gunandar', '084884567897', 0),
('OT068', 'Fajar Nugroho', '085884567898', 0),
('OT069', 'Ghani Gunawan', '086884567899', 0),
('OT070', 'Hesti Kurnia', '087884567890', 0),
('OT071', 'Ilham Prasetya', '088884567891', 0),
('OT072', 'Juwita Amanda', '089884567892', 0),
('OT073', 'Krisna Dewantara', '081994567893', 0),
('OT074', 'Ayu Marlina', '082994567894', 0),
('OT075', 'Mahfud Zuhri', '083994567895', 0),
('OT076', 'Nadia Arifah', '084994567896', 0),
('OT077', 'Dennis Prayoga', '085994567897', 0),
('OT078', 'Putu Gede', '086994567898', 0),
('OT079', 'Qonita Fitria', '087994567899', 0),
('OT080', 'Christian Junaedi', '088994567890', 0),
('OT081', 'Sari Wangi', '089994567891', 0),
('OT082', 'Gio Tanamal', '081104567892', 0),
('OT083', 'Umi Kurnia', '082104567893', 0),
('OT084', 'Vito Pratama', '083104567894', 0),
('OT085', 'Aqeela Callista', '084104567895', 0),
('OT086', 'Xenia Xaviera', '085104567896', 0),
('OT087', 'Yusuf Hidayat', '086104567897', 0),
('OT088', 'Zahra Nuraini', '087104567898', 0),
('OT089', 'Mayang Rodiah', '088104567899', 0),
('OT090', 'Arya Mohan', '089104567890', 0),
('OT091', 'Aurelia Khosasih', '081214567891', 0),
('OT092', 'Dian Hadju', '082214567892', 0),
('OT093', 'Mahalini Putri', '083214567893', 0),
('OT094', 'Fadil Nasution', '084214567894', 0),
('OT095', 'Gita Ningsih', '085214567895', 0),
('OT096', 'Jonathan Baskara', '086214567896', 0),
('OT097', 'Naura Ayunda', '087214567897', 0),
('OT098', 'Joko Prabowo', '088214567898', 0),
('OT099', 'Kiki Apsari', '089214567899', 0),
('OT100', 'Salleh Diningrat', '081324567890', 0);

INSERT INTO siswa (id_siswa, id_ortu, id_jenjang, nama, email, kota, telepon, password, status_del) VALUES
('A001','OT001', 'J01', 'Alvino Rahmawati', 'alvino.rahmawati@gmail.com', 'Malang', '0812400898389', 'alvinoRah55', 0),
('A002','OT002', 'J07', 'Aurelia Susanti', 'aurelia.susanti@gmail.com', 'Makassar', '082097084649', 'aureliaSus41', 0),
('A003','OT003', 'J08', 'Aurelia Ferdinand', 'aurelia.ferdinand@gmail.com', 'Jakarta', '083910346786', 'aureliaFer43', 0),
('A004','OT004', 'J10', 'Aurelia Maulana', 'aurelia.maulana@gmail.com', 'Bekasi', '0834261638565', 'aureliaMau23', 0),
('A005','OT005', 'J03', 'Aurelia Histia', 'aurelia.histia@gmail.com.', 'Palembang', '083976541023', 'aureliaHis35', 0),
('A006','OT006', 'J09', 'Azka Zhafira', 'azka.zhafira@gmail.com', 'Bogor', '081973069904', 'azkaZha37', 0),
('A007','OT007', 'J12', 'Aditiya Kusuma', 'aditiya.kusuma@gmail.com', 'Surabaya', '081392836194', 'aditiyaKus48', 0),
('A008','OT008', 'J05', 'Aldi Maheswari', 'aldi.maheswari@gmail.com', 'Bandung', '082142987612', 'aldiMah76', 0),
('A009','OT009', 'J07', 'Alfian Pradipta', 'alfian.pradipta@gmail.com', 'Bekasi', '083893729184', 'alfianPra33', 0),
('A010','OT010', 'J11', 'Aliyah Zhafira', 'aliyah.zhafira@gmail.com', 'Tangerang', '081847291003', 'aliyahZha69', 0),
('A011','OT011', 'J08', 'Almira Gunawan', 'almira.gunawan@gmail.com', 'Yogyakarta', '082998210347', 'almiraGun52', 0),
('A012','OT012', 'J10', 'Amanda Roselyne', 'amanda.roselyne@gmail.com', 'Palembang', '081366984217', 'amandaRos25', 0),
('A013','OT013', 'J06', 'Amira Pradipta', 'amira.pradipta@gmail.com', 'Bandung', '081706238211', 'amiraPra58', 0),
('A014','OT014', 'J09', 'Andi Rahmawati', 'andi.rahmawati@gmail.com', 'Makassar', '082143279108', 'andiRah85', 0),
('A015','OT015', 'J11', 'Anindya Ferdinand', 'anindya.ferdinand@gmail.com', 'Jakarta', '083973465829', 'anindyaFer99', 0),
('A016','OT016', 'J02', 'Aqila Maulana', 'aqila.maulana@gmail.com', 'Bogor', '081282648710', 'aqilaMau62', 0),
('B001','OT017', 'J12', 'Bima Histia', 'bima.histia@gmail.com', 'Bogor', '0839823644928', 'bimaHis75', 0),
('B002','OT018', 'J08', 'Bilqis Zhafira', 'bilqis.zhafira@gmail.com', 'Jakarta', '082992889753', 'bilqisZha96', 0),
('B003','OT019', 'J01', 'Bella Gunawan', 'bella.gunawan@gmail.com', 'Malang', '082937089392', 'bellaGun60', 0),
('B004','OT020', 'J11', 'Bagas Maulana', 'bagas.maulana@gmail.com', 'Surabaya', '081279341287', 'bagasMau22', 0),
('B005','OT021', 'J09', 'Bayu Pradipta', 'bayu.pradipta@gmail.com', 'Yogyakarta', '082147823471', 'bayuPra88', 0),
('B006','OT022', 'J04', 'Berliana Kusuma', 'berliana.kusuma@gmail.com', 'Bandung', '083198237462', 'berlianaKus55', 0),
('B007','OT023', 'J10', 'Bintang Roselyne', 'bintang.roselyne@gmail.com', 'Bekasi', '081654329837', 'bintangRos34', 0),
('B008','OT024', 'J07', 'Bianca Ferdinand', 'bianca.ferdinand@gmail.com', 'Palembang', '081279347892', 'biancaFer48', 0),
('B009','OT025', 'J06', 'Bobby Rahmawati', 'bobby.rahmawati@gmail.com', 'Jakarta', '083884526190', 'bobbyRah63', 0),
('B010','OT026', 'J12', 'Bonita Susanti', 'bonita.susanti@gmail.com', 'Makassar', '082188947634', 'bonitaSus37', 0),
('B011','OT027', 'J08', 'Bryan Zhafira', 'bryan.zhafira@gmail.com', 'Bogor', '081288473621', 'bryanZha29', 0),
('B012','OT028', 'J11', 'Brigita Gunawan', 'brigita.gunawan@gmail.com', 'Bandung', '082189324567', 'brigitaGun73', 0),
('B013','OT029', 'J05', 'Berlian Ferdinand', 'berlian.ferdinand@gmail.com', 'Padang', '081376548923', 'berlianFer91', 0),
('C001','OT030', 'J09', 'Cahya Roselyne', 'cahya.roselyne@gmail.com', 'Palembang', '082841365909', 'cahyaRos73', 0),
('C002','OT031', 'J10', 'Celine Pradipta', 'celine.pradipta@gmail.com', 'Malang', '081795672702', 'celinePra44', 0),
('C003','OT032', 'J02', 'Chandra Alvaro', 'chandra.alvaro@gmail.com', 'Yogyakarta', '082430727606', 'chandraAlv14', 0),
('C004','OT033', 'J07', 'Citra Kusuma', 'citra.kusuma@gmail.com', 'Surabaya', '082370736635', 'citraKus53', 0),
('D001','OT034', 'J11', 'Darren Roselyne', 'darren.roselyne@gmail.com', 'Makassar', '082393537828', 'darrenRos69', 0),
('D002','OT035', 'J03', 'Dewi Maheswari', 'dewi.maheswari@gmail.com', 'Makassar', '082831748391', 'dewiMah74', 0),
('D003','OT036', 'J08', 'Dimas Roselyne', 'dimas.roselyne@gmail.com', 'Bekasi', '081874679957', 'dimasRos95', 0),
('D004','OT037', 'J12', 'Dimas Zhafira', 'dimas.zhafira@gmail.com', 'Palembang', '081954186862', 'dimasZha21', 0),
('E001','OT038', 'J06', 'Edward Gunawan', 'edward.gunawan@gmail.com', 'Surabaya', '082504188099', 'edwardGun56', 0),
('E002','OT039', 'J09', 'Eka Saputra', 'eka.saputra@gmail.com', 'Bekasi', '082987519655', 'ekaSap64', 0),
('E003','OT040', 'J04', 'Elisa Zhafira', 'elisa.zhafira@gmail.com', 'Makassar', '083379245408', 'elisaZha34', 0),
('E004','OT041', 'J08', 'Eva Ferdinand', 'eva.ferdinand@gmail.com', 'Jakarta', '081297158272', 'evaFer21', 0),
('E005','OT042', 'J12', 'Emanuel Pradipta', 'emanuel.pradipta@gmail.com', 'Yogyakarta', '083882734590', 'emanuelPra72', 0),
('E006','OT043', 'J01', 'Erlina Maulana', 'erlina.maulana@gmail.com', 'Bandung', '081357829340', 'erlinaMau61', 0),
('E007','OT044', 'J07', 'Echa Roselyne', 'echa.roselyne@gmail.com', 'Palembang', '082173456712', 'echaRos87', 0),
('E008','OT045', 'J11', 'Erick Rahmawati', 'erick.rahmawati@gmail.com', 'Bogor', '083789124587', 'erickRah33', 0),
('E009','OT046', 'J09', 'Evan Maheswari', 'evan.maheswari@gmail.com', 'Surabaya', '081238947671', 'evanMah99', 0),
('E010','OT047', 'J03', 'Evelyn Susanti', 'evelyn.susanti@gmail.com', 'Bekasi', '081290374652', 'evelynSus20', 0),
('E011','OT048', 'J08', 'Edi Prasetyo', 'edi.prasetyo@gmail.com', 'Jakarta', '083143278465', 'ediPra43', 0),
('E012','OT049', 'J10', 'Enrico Kusuma', 'enrico.kusuma@gmail.com', 'Malang', '082173649813', 'enricoKus78', 0),
('E013','OT050', 'J05', 'Eri Zhafira', 'eri.zhafira@gmail.com', 'Tangerang', '081276349158', 'eriZha47', 0),
('E014','OT051', 'J07', 'Elvira Histia', 'elvira.histia@gmail.com', 'Padang', '083849207431', 'elviraHis38', 0),
('F001','OT052', 'J06', 'Fahri Syahputra', 'fahri.syahputra@gmail.com', 'Tangerang', '082854602718', 'fahriSya70', 0),
('F002','OT053', 'J12', 'Farhan Saputra', 'farhan.saputra@gmail.com', 'Bekasi', '082331409924', 'farhanSap80', 0),
('F003','OT054', 'J08', 'Felicia Roselyne', 'felicia.roselyne@gmail.com', 'Bogor', '081600574092', 'feliciaRos41', 0),
('F004','OT055', 'J11', 'Fiona Zhafira', 'fiona.zhafira@gmail.com', 'Malang', '082981937247', 'fionaZha93', 0),
('G001','OT056', 'J05', 'Gerry Amartya', 'gerry.amartya@gmail.com', 'Yogyakarta', '082444968125', 'gerryAma48', 0),
('G002','OT057', 'J09', 'Gilang Pradipta', 'gilang.pradipta@gmail.com', 'Bekasi', '081610098312', 'gilangPra55', 0),
('G003','OT058', 'J10', 'Gina Roselyne', 'gina.roselyne@gmail.com', 'Surabaya', '082996378318', 'ginaRos90', 0),
('G004','OT059', 'J02', 'Gita Pradipta', 'gita.pradipta@gmail.com', 'Tangerang', '082129254290', 'gitaPra70', 0),
('G005','OT060', 'J07', 'Galih Zhafira', 'galih.zhafira@gmail.com', 'Bogor', '083129865473', 'galihZha64', 0),
('G006','OT061', 'J11', 'Gwendy Maheswari', 'gwendy.maheswari@gmail.com', 'Palembang', '081294837261', 'gwendyMah79', 0),
('G007','OT062', 'J03', 'Gamaliel Gunawan', 'gamaliel.gunawan@gmail.com', 'Jakarta', '082139847265', 'gamalielGun81', 0),
('G008','OT063', 'J08', 'Giselle Rahmawati', 'giselle.rahmawati@gmail.com', 'Makassar', '081274839120', 'giselleRah88', 0),
('G009','OT064', 'J12', 'Garry Saputra', 'garry.saputra@gmail.com', 'Bandung', '083184729003', 'garrySap32', 0),
('H001','OT065', 'J06', 'Hadi Santoso', 'hadi.santoso@gmail.com', 'Surabaya', '081877349672', 'hadiSan35', 0),
('H002','OT066', 'J09', 'Hana Kusuma', 'hana.kusuma@gmail.com', 'Jakarta', '082866073858', 'hanaKus44', 0),
('H003','OT067', 'J04', 'Hanif Ferdinand', 'hanif.ferdinand@gmail.com', 'Bekasi', '083922364426', 'hanifFer77', 0),
('H004','OT068', 'J08', 'Hasna Pradipta', 'hasna.pradipta@gmail.com', 'Tangerang', '082871546434', 'hasnaPra11', 0),
('I001','OT069', 'J12', 'Ilham Ferdinand', 'ilham.ferdinand@gmail.com', 'Bandung', '081925545279', 'ilhamFer84', 0),
('I002','OT070', 'J01', 'Indah Zhafira', 'indah.zhafira@gmail.com', 'Palembang', '083864803000', 'indahZha84', 0),
('I003','OT071', 'J07', 'Intan Kusuma', 'intan.kusuma@gmail.com', 'Makassar', '081722889768', 'intanKus95', 0),
('I004','OT072', 'J11', 'Iqbal Gunawan', 'iqbal.gunawan@gmail.com', 'Tangerang', '082012793139', 'iqbalGun92', 0),
('I005','OT073', 'J09', 'Ismail Maulana', 'ismail.maulana@gmail.com', 'Jakarta', '081290376194', 'ismailMau28', 0),
('I006','OT074', 'J03', 'Irfan Pradipta', 'irfan.pradipta@gmail.com', 'Surabaya', '082173649203', 'irfanPra62', 0),
('I007','OT075', 'J08', 'Icha Roselyne', 'icha.roselyne@gmail.com', 'Bandung', '081983746273', 'ichaRos78', 0),
('I008','OT076', 'J10', 'Imelda Rahmawati', 'imelda.rahmawati@gmail.com', 'Bekasi', '083184926348', 'imeldaRah35', 0),
('I009','OT077', 'J05', 'Intania Susanti', 'intania.susanti@gmail.com', 'Bogor', '082138472930', 'intaniaSus21', 0),
('I010','OT078', 'J09', 'Irfani Histia', 'irfani.histia@gmail.com', 'Malang', '081237465190', 'irfaniHis45', 0),
('I011','OT079', 'J10', 'Ihsan Saputra', 'ihsan.saputra@gmail.com', 'Yogyakarta', '083198472138', 'ihsanSap76', 0),
('I012','OT080', 'J02', 'Irene Maheswari', 'irene.maheswari@gmail.com', 'Palembang', '082198345672', 'ireneMah89', 0),
('I013','OT081', 'J07', 'Irfiana Zhafira', 'irfiana.zhafira@gmail.com', 'Makassar', '083894561209', 'irfianaZha97', 0),
('I014','OT082', 'J11', 'Ilona Alvaro', 'ilona.alvaro@gmail.com', 'Tangerang', '081247892361', 'ilonaAlv53', 0),
('J001','OT083', 'J03', 'Jasmine Ferdinand', 'jasmine.ferdinand@gmail.com', 'Bekasi', '083823926392', 'jasmineFer69', 0),
('J002','OT084', 'J08', 'Jihan Gunawan', 'jihan.gunawan@gmail.com', 'Bandung', '082538237538', 'jihanGun43', 0),
('J003','OT085', 'J12', 'Joko Pradipta', 'joko.pradipta@gmail.com', 'Jakarta', '081353778967', 'jokoPra31', 0),
('J004','OT086', 'J06', 'Julianto Maheswari', 'julianto.maheswari@gmail.com', 'Bandung', '081162758705', 'juliantoMah56', 0),
('K001','OT087', 'J09', 'Kania Zhafira', 'kania.zhafira@gmail.com', 'Yogyakarta', '081627013205', 'kaniaZha74', 0),
('K002','OT088', 'J04', 'Karina Zhafira', 'karina.zhafira@gmail.com', 'Makassar', '082455777272', 'karinaZha10', 0),
('K003','OT089', 'J08', 'Kevin Kusuma', 'kevin.kusuma@gmail.com', 'Padang', '081535773127', 'kevinKus20', 0),
('K004','OT090', 'J12', 'Khalid Pradipta', 'khalid.pradipta@gmail.com', 'Yogyakarta', '083417519099', 'khalidPra76', 0),
('L001','OT091', 'J01', 'Lala Ferdinand', 'lala.ferdinand@gmail.com', 'Bandung', '083747089253', 'lalaFer60', 0),
('L002','OT092', 'J07', 'Laras Kusuma', 'laras.kusuma@gmail.com', 'Bogor', '082287134525', 'larasKus60', 0),
('L003','OT093', 'J11', 'Latifah Histia', 'latifah.histia@gmail.com', 'Malang', '081931075729', 'latifahHis64', 0),
('L004','OT094', 'J09', 'Lia Maheswari', 'lia.maheswari@gmail.com', 'Makassar', '081993525280', 'liaMah30', 0),
('L005','OT095', 'J03', 'Leo Rahmawati', 'leo.rahmawati@gmail.com', 'Jakarta', '083193847562', 'leoRah94', 0),
('L006','OT096', 'J08', 'Lina Pradipta', 'lina.pradipta@gmail.com', 'Yogyakarta', '082109384726', 'linaPra42', 0),
('L007','OT097', 'J10', 'Lutfi Gunawan', 'lutfi.gunawan@gmail.com', 'Surabaya', '083873920014', 'lutfiGun78', 0),
('L008','OT098', 'J05', 'Lidya Roselyne', 'lidya.roselyne@gmail.com', 'Tangerang', '081294857361', 'lidyaRos86', 0), 
('M001','OT099', 'J07', 'Mahendra Gunawan', 'mahendra.gunawan@gmail.com', 'Bogor', '081184228131', 'mahendraGun85', 0),
('M002','OT100', 'J06', 'Mario Saputra', 'mario.saputra@gmail.com', 'Bekasi', '0834804557199', 'marioSap62', 0),
('M003','OT001', 'J12', 'Maya Rahmawati', 'maya.rahmawati@gmail.com', 'Bandung', '0838502390709', 'mayaRah49', 0),
('N001','OT002', 'J08', 'Nina Alvaro', 'nina.alvaro@gmail.com', 'Tangerang', '082259058748', 'ninaAlv60', 0),
('N002','OT003', 'J11', 'Nizar Gunawan', 'nizar.gunawan@gmail.com', 'Yogyakarta', '083601174107', 'nizarGun96', 0),
('N003','OT004', 'J05', 'Nurul Rahmawati', 'nurul.rahmawati@gmail.com', 'Palembang', '082073133356', 'nurulRah88', 0),
('N004','OT005', 'J09', 'Nadia Ferdinand', 'nadia.ferdinand@gmail.com', 'Jakarta', '083843279456', 'nadiaFer44', 0),
('N005','OT006', 'J10', 'Najwa Pradipta', 'najwa.pradipta@gmail.com', 'Bandung', '081249839274', 'najwaPra23', 0),
('N006','OT007', 'J02', 'Niko Saputra', 'niko.saputra@gmail.com', 'Surabaya', '082194738562', 'nikoSap77', 0),
('N007','OT008', 'J07', 'Nadira Histia', 'nadira.histia@gmail.com', 'Bogor', '081378462901', 'nadiraHis59', 0),
('N008','OT009', 'J11', 'Nanda Zhafira', 'nanda.zhafira@gmail.com', 'Makassar', '083214839002', 'nandaZha65', 0),
('N009','OT010', 'J03', 'Nathaniel Kusuma', 'nathaniel.kusuma@gmail.com', 'Bekasi', '081376482093', 'nathanielKus80', 0),
('N010','OT011', 'J08', 'Nisrina Roselyne', 'nisrina.roselyne@gmail.com', 'Malang', '082165372849', 'nisrinaRos94', 0),
('N011','OT012', 'J12', 'Novi Maheswari', 'novi.maheswari@gmail.com', 'Tangerang', '083194862130', 'noviMah54', 0),
('N012','OT013', 'J06', 'Nafis Susanti', 'nafis.susanti@gmail.com', 'Jakarta', '081296843211', 'nafisSus39', 0),
('N013','OT014', 'J09', 'Nanda Maulana', 'nanda.maulana@gmail.com', 'Yogyakarta', '082187349620', 'nandaMau70', 0),
('O001','OT015', 'J04', 'Olivia Pradipta', 'olivia.pradipta@gmail.com', 'Bandung', '081887017427', 'oliviaPra82', 0),
('O002','OT016', 'J08', 'Oscar Roselyne', 'oscar.roselyne@gmail.com', 'Palembang', '083426873773', 'oscarRos61', 0),
('P001','OT017', 'J12', 'Putri Alvaro', 'putri.alvaro@gmail.com', 'Bogor', '082346029805', 'putriAlv68', 0),
('P002','OT018', 'J01', 'Putu Maheswari', 'putu.maheswari@gmail.com', 'Tangerang', '081236058560', 'putuMah66', 0),
('P003','OT019', 'J07', 'Puspita Histia', 'puspita.histia@gmail.com', 'Jakarta', '082442158203', 'puspitaHis91', 0),
('Q001','OT020', 'J11', 'Qory Rahmawati', 'qory.rahmawati@gmail.com', 'Makassar', '081456040578', 'qoryRah91', 0),
('Q002','OT021', 'J09', 'Qyla Kusuma', 'qyla.kusuma@gmail.com', 'Bekasi', '081654610735', 'qylaKus58', 0),
('R001','OT022', 'J03', 'Rafi Pradipta', 'rafi.pradipta@gmail.com', 'Bandung', '083936118089', 'rafiPra86', 0),
('R002','OT023', 'J08', 'Rahmat Pradipta', 'rahmat.pradipta@gmail.com', 'Surabaya', '081942527777', 'rahmatPra45', 0),
('R003','OT024', 'J10', 'Rani Ferdinand', 'rani.ferdinand@gmail.com', 'Tangerang', '082943293799', 'raniFer77', 0),
('R004','OT025', 'J05', 'Rizky Amartya', 'rizky.amartya@gmail.com', 'Bandung', '081109048599', 'rizkyAma70', 0),
('S001','OT026', 'J09', 'Sabrina Roselyne', 'sabrina.roselyne@gmail.com', 'Bekasi', '082698088755', 'sabrinaRos21', 0),
('S002','OT027', 'J10', 'Salsa Maheswari', 'salsa.maheswari@gmail.com', 'Tangerang', '081726877997', 'salsaMah56', 0),
('S003','OT028', 'J02', 'Samuel Pradipta', 'samuel.pradipta@gmail.com', 'Jakarta', '083472845051', 'samuelPra12', 0),
('S004','OT029', 'J07', 'Sarah Maheswari', 'sarah.maheswari@gmail.com', 'Palembang', '083693429663', 'sarahMah71', 0),
('S005','OT030', 'J11', 'Satria Roselyne', 'satria.roselyne@gmail.com', 'Yogyakarta', '081445984410', 'satriaRos63', 0),
('S006','OT031', 'J03', 'Siska Ferdinand', 'siska.ferdinand@gmail.com', 'Bandung', '082628944680', 'siskaFer74', 0),
('S007','OT032', 'J08', 'Starvy Laynard Histia', 'starvy.histia@gmail.com', 'Surabaya', '082015021680', 'starvyLay08', 0),
('T001','OT033', 'J12', 'Tania Zhafira', 'tania.zhafira@gmail.com', 'Jakarta', '081348957590', 'taniaZha93', 0),
('T002','OT034', 'J06', 'Taufik Rahmawati', 'taufik.rahmawati@gmail.com', 'Malang', '083799170446', 'taufikRah67', 0),
('T003','OT035', 'J09', 'Tia Ferdinand', 'tia.ferdinand@gmail.com', 'Tangerang', '081144793362', 'tiaFer77', 0),
('U001','OT036', 'J04', 'Umar Pradipta', 'umar.pradipta@gmail.com', 'Yogyakarta', '081429926820', 'umarPra79', 0),
('U002','OT037', 'J08', 'Utami Ferdinand', 'utami.ferdinand@gmail.com', 'Jakarta', '081563249737', 'utamiFer82', 0),
('V001','OT038', 'J12', 'Vania Kusuma', 'vania.kusuma@gmail.com', 'Bandung', '082862160785', 'vaniaKus77', 0),
('V002','OT039', 'J01', 'Vito Maheswari', 'vito.maheswari@gmail.com', 'Tangerang', '083854716321', 'vitoMah34', 0),
('V003','OT040', 'J07', 'Vivian Roselyne', 'vivian.roselyne@gmail.com', 'Bogor', '082033937427', 'vivianRos35', 0),
('W001','OT041', 'J11', 'Wahyu Pradipta', 'wahyu.pradipta@gmail.com', 'Makassar', '083523842943', 'wahyuPra93', 0),
('W002','OT042', 'J09', 'Winda Roselyne', 'winda.roselyne@gmail.com', 'Malang', '083768174371', 'windaRos70', 0),
('W003','OT043', 'J03', 'Wulan Ferdinand', 'wulan.ferdinand@gmail.com', 'Surabaya', '082140366182', 'wulanFer79', 0),
('X001','OT044', 'J08', 'Xander Kusuma', 'xander.kusuma@gmail.com', 'Yogyakarta', '081517272888', 'xanderKus11', 0),
('X002','OT045', 'J10', 'Xaviera Gunawan', 'xaviera.gunawan@gmail.com', 'Bandung', '081274244901', 'xavieraGun36', 0),
('Y001','OT046', 'J05', 'Yani Zhafira', 'yani.zhafira@gmail.com', 'Bogor', '082070476722', 'yaniZha77', 0),
('Y002','OT047', 'J07', 'Yudha Roselyne', 'yudha.roselyne@gmail.com', 'Surabaya', '081205930839', 'yudhaRos23', 0),
('Y003','OT048', 'J06', 'Yuliana Maheswari', 'yuliana.maheswari@gmail.com', 'Palembang', '082126698162', 'yulianaMah53', 0),
('Z001','OT049', 'J12', 'Zahira Gunawan', 'zahira.gunawan@gmail.com', 'Makassar', '082405809066', 'zahiraGun94', 0),
('Z002','OT050', 'J08', 'Zahra Ferdinand', 'zahra.ferdinand@gmail.com', 'Padang', '082074199370', 'zahraFer27', 0);

INSERT INTO transaksi (id_transaksi, id_siswa, tanggal, nominal, metode_bayar, periode_mulai, periode_akhir, status_del) VALUES
('TR250001','A001','2025-02-02',600000,'Transfer','2025-02-02','2025-03-04',0),
('TR250002','A002','2025-04-05',300000,'Transfer','2025-04-05','2025-05-05',0),
('TR250003','A003','2025-01-08',800000,'Transfer','2025-01-08','2025-02-07',0),
('TR250004','A004','2025-01-12',450000,'Cash','2025-01-12','2025-02-11',0),
('TR250005','A005','2025-02-21',360000,'Cash','2025-02-21','2025-03-23',0),
('TR250006','A006','2025-05-31',600000,'Cash','2025-05-31','2025-06-30',0),
('TR250007','A007','2025-01-24',400000,'Cash','2025-01-24','2025-02-23',0),
('TR250008','A008','2025-02-12',220000,'Cash','2025-02-12','2025-03-14',0),
('TR250009','A009','2025-04-27',600000,'Transfer','2025-04-27','2025-05-27',0),
('TR250010','A010','2025-02-05',300000,'Cash','2025-02-05','2025-03-07',0),
('TR250011','A011','2025-02-26',360000,'Cash','2025-02-26','2025-03-28',0),
('TR250012','A012','2025-02-27',750000,'Cash','2025-02-27','2025-03-29',0),
('TR250013','A013','2025-05-19',1250000,'Cash','2025-05-19','2025-06-18',0),
('TR250014','A014','2025-05-28',480000,'Cash','2025-05-28','2025-06-27',0),
('TR250015','A015','2025-04-17',300000,'Transfer','2025-04-17','2025-05-17',0),
('TR250016','A016','2025-02-11',300000,'Transfer','2025-02-11','2025-03-13',0),
('TR250017','B001','2025-02-24',300000,'Transfer','2025-02-24','2025-03-26',0),
('TR250018','B002','2025-03-06',500000,'Cash','2025-03-06','2025-04-05',0),
('TR250019','B003','2025-01-30',600000,'Transfer','2025-01-30','2025-03-01',0),
('TR250020','B004','2025-05-14',440000,'Transfer','2025-05-14','2025-06-13',0),
('TR250021','B005','2025-01-04',600000,'Transfer','2025-01-04','2025-02-03',0),
('TR250022','B006','2025-04-26',120000,'Transfer','2025-04-26','2025-05-26',0),
('TR250023','B007','2025-03-20',120000,'Cash','2025-03-20','2025-04-19',0),
('TR250024','B008','2025-02-17',250000,'Cash','2025-02-17','2025-03-19',0),
('TR250025','B009','2025-05-30',500000,'Transfer','2025-05-30','2025-06-29',0),
('TR250026','B010','2025-01-08',400000,'Cash','2025-01-08','2025-02-07',0),
('TR250027','B011','2025-01-18',120000,'Cash','2025-01-18','2025-02-17',0),
('TR250028','B012','2025-04-22',900000,'Cash','2025-04-22','2025-05-22',0),
('TR250029','B013','2025-04-07',180000,'Cash','2025-04-07','2025-05-07',0),
('TR250030','C001','2025-03-30',400000,'Cash','2025-03-30','2025-04-29',0),
('TR250031','C002','2025-02-06',200000,'Cash','2025-02-06','2025-03-08',0),
('TR250032','C003','2025-05-05',250000,'Cash','2025-05-05','2025-06-04',0),
('TR250033','C004','2025-01-20',250000,'Cash','2025-01-20','2025-02-19',0),
('TR250034','D001','2025-05-14',880000,'Cash','2025-05-14','2025-06-13',0),
('TR250035','D002','2025-05-28',800000,'Cash','2025-05-28','2025-06-27',0),
('TR250036','D003','2025-02-07',480000,'Cash','2025-02-07','2025-03-09',0),
('TR250037','D004','2025-05-04',240000,'Transfer','2025-05-04','2025-06-03',0),
('TR250038','E001','2025-05-23',1000000,'Transfer','2025-05-23','2025-06-22',0),
('TR250039','E002','2025-05-06',750000,'Cash','2025-05-06','2025-06-05',0),
('TR250040','E003','2025-02-19',200000,'Cash','2025-02-19','2025-03-21',0),
('TR250041','E004','2025-01-10',600000,'Cash','2025-01-10','2025-02-09',0),
('TR250042','E005','2025-02-22',300000,'Transfer','2025-02-22','2025-03-24',0),
('TR250043','E006','2025-03-11',450000,'Cash','2025-03-11','2025-04-10',0),
('TR250044','E007','2025-01-27',600000,'Transfer','2025-01-27','2025-02-26',0),
('TR250045','E008','2025-02-15',350000,'Cash','2025-02-15','2025-03-17',0),
('TR250046','E009','2025-05-12',400000,'Transfer','2025-05-12','2025-06-11',0),
('TR250047','E010','2025-04-18',600000,'Cash','2025-04-18','2025-05-18',0),
('TR250048','E011','2025-02-28',200000,'Cash','2025-02-28','2025-03-30',0),
('TR250049','E012','2025-03-15',550000,'Transfer','2025-03-15','2025-04-14',0),
('TR250050','E013','2025-01-07',600000,'Cash','2025-01-07','2025-02-06',0),
('TR250051','E014','2025-04-04',300000,'Cash','2025-04-04','2025-05-04',0),
('TR250052','F001','2025-03-22',800000,'Transfer','2025-03-22','2025-04-21',0),
('TR250053','F002','2025-05-16',450000,'Cash','2025-05-16','2025-06-15',0),
('TR250054','F003','2025-02-25',300000,'Transfer','2025-02-25','2025-03-27',0),
('TR250055','F004','2025-03-09',360000,'Cash','2025-03-09','2025-04-08',0),
('TR250056','G001','2025-01-23',600000,'Cash','2025-01-23','2025-02-22',0),
('TR250057','G002','2025-05-01',400000,'Transfer','2025-05-01','2025-05-31',0),
('TR250058','G003','2025-04-28',600000,'Cash','2025-04-28','2025-05-28',0),
('TR250059','G004','2025-03-19',300000,'Transfer','2025-03-19','2025-04-18',0),
('TR250060','G005','2025-02-03',250000,'Cash','2025-02-03','2025-03-05',0),
('TR250061','G006','2025-01-15',120000,'Cash','2025-01-15','2025-02-14',0),
('TR250062','G007','2025-04-13',900000,'Transfer','2025-04-13','2025-05-13',0),
('TR250063','G008','2025-05-25',180000,'Cash','2025-05-25','2025-06-24',0),
('TR250064','G009','2025-03-28',400000,'Cash','2025-03-28','2025-04-27',0),
('TR250065','H001','2025-02-14',200000,'Cash','2025-02-14','2025-03-16',0),
('TR250066','H002','2025-05-03',250000,'Cash','2025-05-03','2025-06-02',0),
('TR250067','H003','2025-01-21',250000,'Transfer','2025-01-21','2025-02-20',0),
('TR250068','H004','2025-05-18',880000,'Cash','2025-05-18','2025-06-17',0),
('TR250069','I001','2025-05-29',800000,'Cash','2025-05-29','2025-06-28',0),
('TR250070','I002','2025-02-16',480000,'Cash','2025-02-16','2025-03-18',0),
('TR250071','I003','2025-05-07',240000,'Transfer','2025-05-07','2025-06-06',0),
('TR250072','I004','2025-05-22',1000000,'Transfer','2025-05-22','2025-06-21',0),
('TR250073','I005','2025-05-09',750000,'Cash','2025-05-09','2025-06-08',0),
('TR250074','I006','2025-02-18',200000,'Cash','2025-02-18','2025-03-20',0),
('TR250075','I007','2025-01-11',600000,'Cash','2025-01-11','2025-02-10',0),
('TR250076','I008','2025-02-21',300000,'Transfer','2025-02-21','2025-03-23',0),
('TR250077','I009','2025-03-12',450000,'Cash','2025-03-12','2025-04-11',0),
('TR250078','I010','2025-01-28',600000,'Transfer','2025-01-28','2025-02-27',0),
('TR250079','I011','2025-02-16',350000,'Cash','2025-02-16','2025-03-18',0),
('TR250080','I012','2025-05-13',400000,'Transfer','2025-05-13','2025-06-12',0),
('TR250081','I013','2025-04-19',600000,'Cash','2025-04-19','2025-05-19',0),
('TR250082','I014','2025-03-01',200000,'Cash','2025-03-01','2025-03-31',0),
('TR250083','J001','2025-03-16',550000,'Transfer','2025-03-16','2025-04-15',0),
('TR250084','J002','2025-01-08',600000,'Cash','2025-01-08','2025-02-07',0),
('TR250085','J003','2025-04-05',300000,'Cash','2025-04-05','2025-05-05',0),
('TR250086','J004','2025-03-23',800000,'Transfer','2025-03-23','2025-04-22',0),
('TR250087','K001','2025-05-17',450000,'Cash','2025-05-17','2025-06-16',0),
('TR250088','K002','2025-02-26',300000,'Transfer','2025-02-26','2025-03-28',0),
('TR250089','K003','2025-03-10',360000,'Cash','2025-03-10','2025-04-09',0),
('TR250090','K004','2025-01-24',600000,'Cash','2025-01-24','2025-02-23',0),
('TR250091','L001','2025-05-02',400000,'Transfer','2025-05-02','2025-06-01',0),
('TR250092','L002','2025-04-29',600000,'Cash','2025-04-29','2025-05-29',0),
('TR250093','L003','2025-03-20',300000,'Transfer','2025-03-20','2025-04-19',0),
('TR250094','L004','2025-02-04',250000,'Cash','2025-02-04','2025-03-06',0),
('TR250095','L005','2025-01-16',120000,'Cash','2025-01-16','2025-02-15',0),
('TR250096','L006','2025-04-14',900000,'Transfer','2025-04-14','2025-05-14',0),
('TR250097','L007','2025-05-26',180000,'Cash','2025-05-26','2025-06-25',0),
('TR250098','L008','2025-03-29',400000,'Cash','2025-03-29','2025-04-28',0),
('TR250099','M001','2025-02-15',200000,'Cash','2025-02-15','2025-03-17',0),
('TR250100','M002','2025-05-04',250000,'Cash','2025-05-04','2025-06-03',0),
('TR250101','M003','2025-01-22',250000,'Transfer','2025-01-22','2025-02-21',0),
('TR250102','N001','2025-05-19',880000,'Cash','2025-05-19','2025-06-18',0),
('TR250103','N002','2025-05-30',800000,'Cash','2025-05-30','2025-06-29',0),
('TR250104','N003','2025-02-17',480000,'Cash','2025-02-17','2025-03-19',0),
('TR250105','N004','2025-05-08',240000,'Transfer','2025-05-08','2025-06-07',0),
('TR250106','N005','2025-05-23',1000000,'Transfer','2025-05-23','2025-06-22',0),
('TR250107','N006','2025-05-10',750000,'Cash','2025-05-10','2025-06-09',0),
('TR250108','N007','2025-02-20',200000,'Cash','2025-02-20','2025-03-22',0),
('TR250109','N008','2025-01-12',600000,'Cash','2025-01-12','2025-02-11',0),
('TR250110','N009','2025-02-23',300000,'Transfer','2025-02-23','2025-03-25',0),
('TR250111','N010','2025-03-13',450000,'Cash','2025-03-13','2025-04-12',0),
('TR250112','N011','2025-01-29',600000,'Transfer','2025-01-29','2025-02-28',0),
('TR250113','N012','2025-02-17',350000,'Cash','2025-02-17','2025-03-19',0),
('TR250114','N013','2025-05-14',400000,'Transfer','2025-05-14','2025-06-13',0),
('TR250115','O001','2025-04-20',600000,'Cash','2025-04-20','2025-05-20',0),
('TR250116','O002','2025-03-02',200000,'Cash','2025-03-02','2025-04-01',0),
('TR250117','P001','2025-03-17',550000,'Transfer','2025-03-17','2025-04-16',0),
('TR250118','P002','2025-01-09',600000,'Cash','2025-01-09','2025-02-08',0),
('TR250119','P003','2025-04-06',300000,'Cash','2025-04-06','2025-05-06',0),
('TR250120','Q001','2025-03-24',800000,'Transfer','2025-03-24','2025-04-23',0),
('TR250121','Q002','2025-05-18',450000,'Cash','2025-05-18','2025-06-17',0),
('TR250122','R001','2025-02-27',300000,'Transfer','2025-02-27','2025-03-29',0),
('TR250123','R002','2025-03-11',360000,'Cash','2025-03-11','2025-04-10',0),
('TR250124','R003','2025-01-25',600000,'Cash','2025-01-25','2025-02-24',0),
('TR250125','R004','2025-05-03',400000,'Transfer','2025-05-03','2025-06-02',0),
('TR250126','S001','2025-04-30',600000,'Cash','2025-04-30','2025-05-30',0),
('TR250127','S002','2025-03-21',300000,'Transfer','2025-03-21','2025-04-20',0),
('TR250128','S003','2025-02-05',250000,'Cash','2025-02-05','2025-03-07',0),
('TR250129','S004','2025-01-17',120000,'Cash','2025-01-17','2025-02-16',0),
('TR250130','S005','2025-04-15',900000,'Transfer','2025-04-15','2025-05-15',0),
('TR250131','S006','2025-05-27',180000,'Cash','2025-05-27','2025-06-26',0),
('TR250132','S007','2025-03-30',400000,'Cash','2025-03-30','2025-04-29',0),
('TR250133','T001','2025-02-16',200000,'Cash','2025-02-16','2025-03-18',0),
('TR250134','T002','2025-05-05',250000,'Cash','2025-05-05','2025-06-04',0),
('TR250135','T003','2025-01-23',250000,'Transfer','2025-01-23','2025-02-22',0),
('TR250136','U001','2025-05-20',880000,'Cash','2025-05-20','2025-06-19',0),
('TR250137','U002','2025-05-31',800000,'Cash','2025-05-31','2025-06-30',0),
('TR250138','V001','2025-02-18',480000,'Cash','2025-02-18','2025-03-20',0),
('TR250139','V002','2025-05-09',240000,'Transfer','2025-05-09','2025-06-08',0),
('TR250140','V003','2025-05-24',1000000,'Transfer','2025-05-24','2025-06-23',0),
('TR250141','W001','2025-05-11',750000,'Cash','2025-05-11','2025-06-10',0),
('TR250142','W002','2025-02-21',200000,'Cash','2025-02-21','2025-03-23',0),
('TR250143','W003','2025-01-13',600000,'Cash','2025-01-13','2025-02-12',0),
('TR250144','X001','2025-02-24',300000,'Transfer','2025-02-24','2025-03-26',0),
('TR250145','X002','2025-03-14',450000,'Cash','2025-03-14','2025-04-13',0),
('TR250146','Y001','2025-01-30',600000,'Transfer','2025-01-30','2025-02-28',0),
('TR250147','Y002','2025-02-18',350000,'Cash','2025-02-18','2025-03-20',0),
('TR250148','Y003','2025-05-15',400000,'Transfer','2025-05-15','2025-06-14',0),
('TR250149','Z001','2025-04-21',600000,'Cash','2025-04-21','2025-05-21',0),
('TR250150','Z002','2025-03-03',200000,'Cash','2025-03-03','2025-04-02',0);

-- sesuaiin sama harga tutor
INSERT INTO detail_transaksi (id_detailtrans, id_transaksi, id_mapel, id_tutor, durasi_sesi, harga_per_sesi, jumlah_sesi, subtotal, status_del) VALUES
('DT250001', 'TR250001', 'J01MAT01', 'B01', 60, 120000, 5, 600000, 0),
('DT250002', 'TR250002', 'J07MAT01', 'T01', 90, 150000, 3, 450000, 0),
('DT250003', 'TR250003', 'J08ENG02', 'V01', 60, 155000, 7, 1085000, 0),
('DT250004', 'TR250004', 'J10MAT01', 'F02', 90, 180000, 4, 720000, 0),
('DT250005', 'TR250005', 'J03BIN01', 'D01', 60, 110000, 6, 660000, 0),
('DT250006', 'TR250006', 'J09IPA01', 'A02', 90, 160000, 8, 1280000, 0),
('DT250007', 'TR250007', 'J12ENG02', 'Q01', 60, 190000, 5, 950000, 0),
('DT250008', 'TR250008', 'J05IPA01', 'K01', 90, 115000, 3, 345000, 0),
('DT250009', 'TR250009', 'J07BIN01', 'P01', 60, 145000, 7, 1015000, 0),
('DT250010', 'TR250010', 'J11KIM01', 'H02', 90, 185000, 4, 740000, 0),
('DT250011', 'TR250011', 'J08MAT01', 'X01', 60, 150000, 6, 900000, 0),
('DT250012', 'TR250012', 'J10BIO01', 'C02', 90, 175000, 5, 875000, 0),
('DT250013', 'TR250013', 'J06BIN01', 'M01', 60, 125000, 8, 1000000, 0),
('DT250014', 'TR250014', 'J09ENG02', 'Z01', 90, 155000, 3, 465000, 0),
('DT250015', 'TR250015', 'J11SEJ01', 'J02', 60, 170000, 7, 1190000, 0),
('DT250016', 'TR250016', 'J02MAT01', 'L02', 90, 110000, 4, 440000, 0),
('DT250017', 'TR250017', 'J12EKO01', 'K02', 60, 185000, 5, 925000, 0),
('DT250018', 'TR250018', 'J08IPS01', 'W01', 90, 140000, 6, 840000, 0),
('DT250019', 'TR250019', 'J01IPA01', 'A01', 60, 115000, 8, 920000, 0),
('DT250020', 'TR250020', 'J11ENG02', 'G02', 90, 190000, 4, 760000, 0),
('DT250021', 'TR250021', 'J09MAT01', 'B02', 60, 155000, 7, 1085000, 0),
('DT250022', 'TR250022', 'J04BIN01', 'G01', 90, 120000, 3, 360000, 0),
('DT250023', 'TR250023', 'J10FIS01', 'E02', 60, 180000, 5, 900000, 0),
('DT250024', 'TR250024', 'J07ENG02', 'R01', 90, 150000, 6, 900000, 0),
('DT250025', 'TR250025', 'J06MAT01', 'O01', 60, 120000, 7, 840000, 0),
('DT250026', 'TR250026', 'J12SOS01', 'O02', 90, 185000, 4, 740000, 0),
('DT250027', 'TR250027', 'J08BIN01', 'U01', 60, 145000, 8, 1160000, 0),
('DT250028', 'TR250028', 'J11MAT01', 'I02', 90, 185000, 5, 925000, 0),
('DT250029', 'TR250029', 'J05BIN01', 'J01', 60, 115000, 6, 690000, 0),
('DT250030', 'TR250030', 'J09IPA01', 'A02', 90, 150000, 3, 450000, 0),
('DT250031', 'TR250031', 'J10ENG02', 'D02', 60, 190000, 7, 1330000, 0),
('DT250032', 'TR250032', 'J02BIN01', 'B01', 90, 110000, 4, 440000, 0),
('DT250033', 'TR250033', 'J07IPA01', 'S01', 60, 145000, 5, 725000, 0),
('DT250034', 'TR250034', 'J11SEJ01', 'J02', 90, 175000, 8, 1400000, 0),
('DT250035', 'TR250035', 'J03MAT01', 'F01', 60, 115000, 6, 690000, 0),
('DT250036', 'TR250036', 'J08ENG02', 'V01', 90, 150000, 7, 1050000, 0),
('DT250037', 'TR250037', 'J12MAT01', 'P02', 60, 190000, 4, 760000, 0),
('DT250038', 'TR250038', 'J06BIN01', 'M01', 90, 120000, 5, 600000, 0),
('DT250039', 'TR250039', 'J09BIN01', 'Y01', 60, 150000, 7, 1050000, 0),
('DT250040', 'TR250040', 'J04IPS01', 'X02', 90, 115000, 3, 345000, 0),
('DT250041', 'TR250041', 'J08IPS01', 'W01', 60, 145000, 6, 870000, 0),
('DT250042', 'TR250042', 'J12ENG02', 'Q01', 90, 190000, 8, 1520000, 0),
('DT250043', 'TR250043', 'J01BIN01', 'W02', 60, 110000, 4, 440000, 0),
('DT250044', 'TR250044', 'J07MAT01', 'T01', 90, 150000, 7, 1050000, 0),
('DT250045', 'TR250045', 'J11ENG02', 'G02', 60, 190000, 5, 950000, 0),
('DT250046', 'TR250046', 'J09ENG02', 'S02', 90, 155000, 6, 930000, 0),
('DT250047', 'TR250047', 'J03BIN01', 'D01', 60, 115000, 8, 920000, 0),
('DT250048', 'TR250048', 'J08MAT01', 'X01', 90, 150000, 4, 600000, 0),
('DT250049', 'TR250049', 'J10FIS01', 'Y02', 60, 180000, 7, 1260000, 0),
('DT250050', 'TR250050', 'J05IPA01', 'K01', 90, 115000, 3, 345000, 0),
('DT250051', 'TR250051', 'J07ENG02', 'R01', 60, 150000, 5, 750000, 0),
('DT250052', 'TR250052', 'J06MAT01', 'O01', 90, 120000, 4, 480000, 0),
('DT250053', 'TR250053', 'J12SOS01', 'O02', 60, 185000, 6, 1110000, 0),
('DT250054', 'TR250054', 'J08BIN01', 'U01', 90, 145000, 7, 1015000, 0),
('DT250055', 'TR250055', 'J11MAT01', 'I02', 60, 185000, 5, 925000, 0),
('DT250056', 'TR250056', 'J05BIN01', 'J01', 90, 115000, 8, 920000, 0),
('DT250057', 'TR250057', 'J09IPA01', 'A02', 60, 150000, 6, 900000, 0),
('DT250058', 'TR250058', 'J10ENG02', 'D02', 90, 190000, 3, 570000, 0),
('DT250059', 'TR250059', 'J02BIN01', 'B01', 60, 110000, 5, 550000, 0),
('DT250060', 'TR250060', 'J07IPA01', 'S01', 90, 145000, 7, 1015000, 0),
('DT250061', 'TR250061', 'J11SEJ01', 'J02', 60, 175000, 4, 700000, 0),
('DT250062', 'TR250062', 'J03MAT01', 'F01', 90, 115000, 6, 690000, 0),
('DT250063', 'TR250063', 'J08ENG02', 'V01', 60, 150000, 8, 1200000, 0),
('DT250064', 'TR250064', 'J12MAT01', 'N02', 90, 190000, 5, 950000, 0),
('DT250065', 'TR250065', 'J06BIN01', 'M01', 60, 120000, 7, 840000, 0),
('DT250066', 'TR250066', 'J09BIN01', 'Y01', 90, 150000, 6, 900000, 0),
('DT250067', 'TR250067', 'J04IPS01', 'H01', 60, 115000, 3, 345000, 0),
('DT250068', 'TR250068', 'J08IPS01', 'W01', 90, 145000, 5, 725000, 0),
('DT250069', 'TR250069', 'J12ENG02', 'M02', 60, 190000, 4, 760000, 0),
('DT250070', 'TR250070', 'J01BIN01', 'W02', 90, 110000, 7, 770000, 0),
('DT250071', 'TR250071', 'J07MAT01', 'T01', 60, 150000, 6, 900000, 0),
('DT250072', 'TR250072', 'J11ENG02', 'G02', 90, 190000, 5, 950000, 0),
('DT250073', 'TR250073', 'J09ENG02', 'S02', 60, 155000, 8, 1240000, 0),
('DT250074', 'TR250074', 'J03BIN01', 'V02', 90, 115000, 4, 460000, 0),
('DT250075', 'TR250075', 'J08MAT01', 'X01', 60, 150000, 7, 1050000, 0),
('DT250076', 'TR250076', 'J10FIS01', 'E02', 90, 180000, 6, 1080000, 0),
('DT250077', 'TR250077', 'J05IPA01', 'K01', 60, 115000, 3, 345000, 0),
('DT250078', 'TR250078', 'J09IPA01', 'A02', 90, 150000, 5, 750000, 0),
('DT250079', 'TR250079', 'J10ENG02', 'D02', 60, 190000, 7, 1330000, 0),
('DT250080', 'TR250080', 'J02BIN01', 'B01', 90, 110000, 4, 440000, 0),
('DT250081', 'TR250081', 'J07IPA01', 'S01', 60, 145000, 8, 1160000, 0),
('DT250082', 'TR250082', 'J11SEJ01', 'J02', 90, 175000, 5, 875000, 0),
('DT250083', 'TR250083', 'J03MAT01', 'F01', 60, 115000, 6, 690000, 0),
('DT250084', 'TR250084', 'J08ENG02', 'V01', 90, 150000, 7, 1050000, 0),
('DT250085', 'TR250085', 'J12MAT01', 'N02', 60, 190000, 4, 760000, 0),
('DT250086', 'TR250086', 'J06BIN01', 'M01', 90, 120000, 5, 600000, 0),
('DT250087', 'TR250087', 'J09BIN01', 'Y01', 60, 150000, 7, 1050000, 0),
('DT250088', 'TR250088', 'J04IPS01', 'H01', 90, 115000, 3, 345000, 0),
('DT250089', 'TR250089', 'J08IPS01', 'W01', 60, 145000, 6, 870000, 0),
('DT250090', 'TR250090', 'J12ENG02', 'Q01', 90, 190000, 8, 1520000, 0),
('DT250091', 'TR250091', 'J01BIN01', 'A01', 60, 110000, 4, 440000, 0),
('DT250092', 'TR250092', 'J07MAT01', 'T01', 90, 150000, 7, 1050000, 0),
('DT250093', 'TR250093', 'J11ENG02', 'G02', 60, 190000, 5, 950000, 0),
('DT250094', 'TR250094', 'J09ENG02', 'Z01', 90, 155000, 6, 930000, 0),
('DT250095', 'TR250095', 'J03BIN01', 'D01', 60, 115000, 8, 920000, 0),
('DT250096', 'TR250096', 'J08MAT01', 'X01', 90, 150000, 4, 600000, 0),
('DT250097', 'TR250097', 'J10FIS01', 'E02', 60, 180000, 7, 1260000, 0),
('DT250098', 'TR250098', 'J05IPA01', 'K01', 90, 115000, 3, 345000, 0),
('DT250099', 'TR250099', 'J07ENG02', 'R01', 60, 150000, 5, 750000, 0),
('DT250100', 'TR250100', 'J06MAT01', 'O01', 90, 120000, 4, 480000, 0),
('DT250101', 'TR250101', 'J12SOS01', 'O02', 60, 185000, 6, 1110000, 0),
('DT250102', 'TR250102', 'J08BIN01', 'U01', 90, 145000, 7, 1015000, 0),
('DT250103', 'TR250103', 'J11MAT01', 'I02', 60, 185000, 5, 925000, 0),
('DT250104', 'TR250104', 'J05BIN01', 'J01', 90, 115000, 8, 920000, 0),
('DT250105', 'TR250105', 'J09MAT01', 'B02', 60, 150000, 6, 900000, 0),
('DT250106', 'TR250106', 'J10ENG02', 'D02', 90, 190000, 3, 570000, 0),
('DT250107', 'TR250107', 'J02BIN01', 'B01', 60, 110000, 5, 550000, 0),
('DT250108', 'TR250108', 'J07IPA01', 'S01', 90, 145000, 7, 1015000, 0),
('DT250109', 'TR250109', 'J11SEJ01', 'J02', 60, 175000, 4, 700000, 0),
('DT250110', 'TR250110', 'J03MAT01', 'F01', 90, 115000, 6, 690000, 0),
('DT250111', 'TR250111', 'J08ENG02', 'V01', 60, 150000, 8, 1200000, 0),
('DT250112', 'TR250112', 'J12MAT01', 'P02', 90, 190000, 5, 950000, 0),
('DT250113', 'TR250113', 'J06BIN01', 'M01', 60, 120000, 7, 840000, 0),
('DT250114', 'TR250114', 'J09BIN01', 'Y01', 90, 150000, 6, 900000, 0),
('DT250115', 'TR250115', 'J04IPS01', 'H01', 60, 115000, 3, 345000, 0),
('DT250116', 'TR250116', 'J08IPS01', 'W01', 90, 145000, 5, 725000, 0),
('DT250117', 'TR250117', 'J12ENG02', 'Q01', 60, 190000, 4, 760000, 0),
('DT250118', 'TR250118', 'J01BIN01', 'W02', 90, 110000, 7, 770000, 0),
('DT250119', 'TR250119', 'J07MAT01', 'T01', 60, 150000, 6, 900000, 0),
('DT250120', 'TR250120', 'J11ENG02', 'G02', 90, 190000, 5, 950000, 0),
('DT250121', 'TR250121', 'J09ENG02', 'S02', 60, 155000, 8, 1240000, 0),
('DT250122', 'TR250122', 'J03BIN01', 'V02', 90, 115000, 4, 460000, 0),
('DT250123', 'TR250123', 'J08MAT01', 'X01', 60, 150000, 7, 1050000, 0),
('DT250124', 'TR250124', 'J10BIO01', 'C02', 90, 180000, 6, 1080000, 0),
('DT250125', 'TR250125', 'J05IPA01', 'K01', 60, 115000, 3, 345000, 0),
('DT250126', 'TR250126', 'J09MAT01', 'B02', 90, 150000, 5, 750000, 0),
('DT250127', 'TR250127', 'J10ENG02', 'D02', 60, 190000, 7, 1330000, 0),
('DT250128', 'TR250128', 'J02BIN01', 'B01', 90, 110000, 4, 440000, 0),
('DT250129', 'TR250129', 'J07IPA01', 'S01', 60, 145000, 8, 1160000, 0),
('DT250130', 'TR250130', 'J11SEJ01', 'J02', 90, 175000, 5, 875000, 0),
('DT250131', 'TR250131', 'J03MAT01', 'F01', 60, 115000, 6, 690000, 0),
('DT250132', 'TR250132', 'J08ENG02', 'V01', 90, 150000, 7, 1050000, 0),
('DT250133', 'TR250133', 'J12MAT01', 'P02', 60, 190000, 4, 760000, 0),
('DT250134', 'TR250134', 'J06BIN01', 'M01', 90, 120000, 5, 600000, 0),
('DT250135', 'TR250135', 'J09BIN01', 'Y01', 60, 150000, 7, 1050000, 0),
('DT250136', 'TR250136', 'J04IPS01', 'X02', 90, 115000, 3, 345000, 0),
('DT250137', 'TR250137', 'J08IPS01', 'W01', 60, 145000, 6, 870000, 0),
('DT250138', 'TR250138', 'J12ENG02', 'M02', 90, 190000, 8, 1520000, 0),
('DT250139', 'TR250139', 'J01BIN01', 'W02', 60, 110000, 4, 440000, 0),
('DT250140', 'TR250140', 'J07MAT01', 'T01', 90, 150000, 7, 1050000, 0),
('DT250141', 'TR250141', 'J11ENG02', 'G02', 60, 190000, 5, 950000, 0),
('DT250142', 'TR250142', 'J09ENG02', 'S02', 90, 155000, 6, 930000, 0),
('DT250143', 'TR250143', 'J03BIN01', 'V02', 60, 115000, 8, 920000, 0),
('DT250144', 'TR250144', 'J08MAT01', 'X01', 90, 150000, 4, 600000, 0),
('DT250145', 'TR250145', 'J10BIO01', 'C02', 60, 180000, 7, 1260000, 0),
('DT250146', 'TR250146', 'J05IPA01', 'K01', 90, 115000, 3, 345000, 0),
('DT250147', 'TR250147', 'J07ENG02', 'R01', 60, 150000, 5, 750000, 0),
('DT250148', 'TR250148', 'J06MAT01', 'O01', 90, 120000, 4, 480000, 0),
('DT250149', 'TR250149', 'J12SOS01', 'O02', 60, 185000, 6, 1110000, 0),
('DT250150', 'TR250150', 'J08BIN01', 'U01', 90, 145000, 7, 1015000, 0);

-- Kelas 1
INSERT INTO tugas (id_tugas, id_materi, nama_tugas, detail_tugas, status_del) VALUES
('MAT001', 'MAT01MT01', 'Latihan Mengenal Angka', 'Cocokkan angka dengan jumlah benda pada gambar.', 0),
('MAT002', 'MAT01MT02', 'Penjumlahan Sederhana', 'Hitung jumlah apel, kue dan bola yang dimiliki Budi dan Ani.', 0),
('MAT003', 'MAT01MT03', 'Pengurangan Dasar', 'Kurangi jumlah kelereng, makanan dan benda yang hilang.', 0),
('MAT004', 'MAT01MT04', 'Bentuk dan Ukuran', 'Gambar benda berbentuk segitiga dan lingkaran.', 0),
('MAT005', 'MAT01MT05', 'Belajar Waktu', 'Sebutkan aktivitasmu di pagi, siang, dan malam.', 0),

('BIN001', 'BIN01MT01', 'Huruf Besar dan Kecil', 'Warnai huruf vokal dan konsonan.', 0),
('BIN002', 'BIN01MT02', 'Membaca Kata', 'Bacalah kata sederhana dan garis bawahi huruf vokalnya.', 0),
('BIN003', 'BIN01MT03', 'Menulis Nama', 'Tulis nama lengkapmu di buku tulis.', 0),
('BIN004', 'BIN01MT04', 'Kata Benda & Kerja', 'Lingkari kata benda dan beri kotak pada kata kerja.', 0),
('BIN005', 'BIN01MT05', 'Cerita Pendek', 'Buat cerita pendek tentang liburan.', 0),

('IPA001', 'IPA01MT01', 'Anggota Tubuh', 'Gambar dan beri nama bagian tubuh.', 0),
('IPA002', 'IPA01MT02', 'Panca Indra Kita', 'Tuliskan fungsi masing-masing panca indra.', 0),
('IPA003', 'IPA01MT03', 'Hewan Sekitar', 'Gambarkan hewan peliharaanmu dan jelaskan makanannya.', 0),
('IPA004', 'IPA01MT04', 'Tumbuhan Sekitar', 'Koleksi daun dari halaman dan tempelkan di buku.', 0),
('IPA005', 'IPA01MT05', 'Cuaca Hari Ini', 'Amati cuaca selama 3 hari dan catat hasilnya.', 0);

-- Kelas 2
INSERT INTO tugas (id_tugas, id_materi, nama_tugas, detail_tugas, status_del) VALUES
('MAT006', 'MAT01MT06', 'Latihan Penjumlahan & Pengurangan', 'Selesaikan soal cerita yang melibatkan penjumlahan dan pengurangan.', 0),
('MAT007', 'MAT01MT07', 'Ukur Panjang Pensil', 'Gunakan penggaris untuk mengukur panjang 5 benda di rumah.', 0),
('MAT008', 'MAT01MT08', 'Mengenal Bangun Datar', 'Gambarkan segitiga, persegi, dan lingkaran.', 0),
('MAT009', 'MAT01MT09', 'Soal Perbandingan', 'Bandingkan banyak buah di dua keranjang.', 0),
('MAT010', 'MAT01MT10', 'Bilangan Ganjil & Genap', 'Kelompokkan angka antara 1–20 menjadi ganjil dan genap.', 0),

('BIN006', 'BIN01MT06', 'Tugas Menulis Kalimat', 'Tulis 5 kalimat tentang kegiatanmu di pagi hari.', 0),
('BIN007', 'BIN01MT07', 'Cerita Rakyat', 'Bacalah cerita rakyat dan tulis kembali tokoh dan pesan moralnya.', 0),
('BIN008', 'BIN01MT08', 'Kosakata Sehari-hari', 'Tulis 10 kata yang sering kamu gunakan saat di rumah.', 0),
('BIN009', 'BIN01MT09', 'Percakapan Harian', 'Tulis percakapan antara dua teman di sekolah.', 0),
('BIN010', 'BIN01MT10', 'Puisi Anak', 'Buat puisi pendek tentang hewan favoritmu.', 0),

('IPS001', 'IPS01MT01', 'Lingkungan Sekitar Rumah', 'Gambarkan dan jelaskan lingkungan rumahmu.', 0),
('IPS002', 'IPS01MT02', 'Anggota Keluarga', 'Tulis nama dan peran anggota keluargamu.', 0),
('IPS003', 'IPS01MT03', 'Kenali Profesi', 'Tuliskan 5 profesi yang kamu ketahui beserta tugasnya.', 0),
('IPS004', 'IPS01MT04', 'Buat Peta Sederhana', 'Gambarlah denah kelasmu di buku gambar.', 0),
('IPS005', 'IPS01MT05', 'Kalender dan Jadwal', 'Buat jadwal harianmu menggunakan format kalender.', 0);

-- Kelas 3
INSERT INTO tugas (id_tugas, id_materi, nama_tugas, detail_tugas, status_del) VALUES
('MAT011', 'MAT01MT11', 'Latihan Perkalian', 'Kerjakan soal perkalian 1–10 dalam bentuk tabel.', 0),
('MAT012', 'MAT01MT12', 'Pembagian Sederhana', 'Selesaikan 10 soal pembagian berikut.', 0),
('MAT013', 'MAT01MT13', 'Pecahan Dasar', 'Warna bagian yang menunjukkan 1/2, 1/3, dan 1/4 pada gambar.', 0),
('MAT014', 'MAT01MT14', 'Data & Diagram Batang', 'Kumpulkan data hobi teman dan buat diagram batang.', 0),
('MAT015', 'MAT01MT15', 'Tugas Uang dan Belanja', 'Simulasikan belanja di warung dan catat uang kembalian.', 0),

('BIN011', 'BIN01MT11', 'Menulis Cerita Pendek', 'Tulislah cerita pendek tentang pengalamanmu.', 0),
('BIN012', 'BIN01MT12', 'Teks Deskripsi', 'Deskripsikan hewan peliharaanmu.', 0),
('BIN013', 'BIN01MT13', 'Membaca Lancar', 'Baca teks dan jawab 5 pertanyaan di bawahnya.', 0),
('BIN014', 'BIN01MT14', 'Kembangkan Kosakata', 'Cari 10 kata baru dan tulis artinya.', 0),
('BIN015', 'BIN01MT15', 'Dialog Singkat', 'Buat dialog antara guru dan murid di perpustakaan.', 0),

('IPA006', 'IPA01MT06', 'Kenali Sumber Energi', 'Sebutkan sumber energi dan fungsinya.', 0),
('IPA007', 'IPA01MT07', 'Sifat Benda di Sekitar', 'Klasifikasikan benda di rumah berdasarkan sifatnya.', 0),
('IPA008', 'IPA01MT08', 'Hewan dan Habitatnya', 'Tulis 5 hewan dan habitat aslinya.', 0),
('IPA009', 'IPA01MT09', 'Air dan Udara', 'Jelaskan pentingnya air dan udara bagi kehidupan.', 0),
('IPA010', 'IPA01MT10', 'Aktivitas Manusia', 'Sebutkan aktivitas manusia yang memengaruhi lingkungan.', 0);

-- Kelas 4
INSERT INTO tugas (id_tugas, id_materi, nama_tugas, detail_tugas, status_del) VALUES
('MAT016', 'MAT01MT16', 'Pecahan dan Desimal', 'Ubah bentuk pecahan menjadi desimal dan sebaliknya.', 0),
('MAT017', 'MAT01MT17', 'Pengukuran Berat', 'Hitung berat total beberapa benda menggunakan satuan kg dan g.', 0),
('MAT018', 'MAT01MT18', 'Bangun Ruang', 'Gambarkan bangun ruang dan sebutkan jumlah rusuk, sisi, dan titik sudutnya.', 0),
('MAT019', 'MAT01MT19', 'Perbandingan & Skala', 'Tentukan skala dan hitung jarak sebenarnya pada peta.', 0),
('MAT020', 'MAT01MT20', 'Data dan Statistik', 'Buat diagram batang dari data hobi teman sekelas.', 0),

('BIN016', 'BIN01MT16', 'Menulis Karangan', 'Tulislah karangan tentang liburan sekolahmu.', 0),
('BIN017', 'BIN01MT17', 'Membaca Puisi', 'Baca puisi dan tuliskan makna tiap bait.', 0),
('BIN018', 'BIN01MT18', 'Teks Narasi', 'Buat teks narasi tentang pengalaman menyenangkanmu.', 0),
('BIN019', 'BIN01MT19', 'Sinonim dan Antonim', 'Carilah 10 kata dan tuliskan sinonim serta antonimnya.', 0),
('BIN020', 'BIN01MT20', 'Membuat Surat', 'Buat surat pribadi kepada temanmu tentang kegiatan akhir pekan.', 0),

('IPS006', 'IPS01MT06', 'Keragaman Budaya', 'Tuliskan 3 budaya dari daerah berbeda di Indonesia.', 0),
('IPS007', 'IPS01MT07', 'Peta dan Navigasi', 'Tentukan arah mata angin dan buat denah sekolahmu.', 0),
('IPS008', 'IPS01MT08', 'Sumber Daya Alam', 'Klasifikasikan SDA berdasarkan jenisnya dan penggunaannya.', 0),
('IPS009', 'IPS01MT09', 'Sejarah Lokal', 'Ceritakan sejarah asal-usul kota atau desa tempat tinggalmu.', 0),
('IPS010', 'IPS01MT10', 'Kegiatan Ekonomi', 'Sebutkan dan jelaskan jenis-jenis kegiatan ekonomi di sekitarmu.', 0);

-- Kelas 5
INSERT INTO tugas (id_tugas, id_materi, nama_tugas, detail_tugas, status_del) VALUES
('MAT021', 'MAT01MT21', 'Perbandingan & Proporsi', 'Selesaikan soal-soal perbandingan dan proporsi berikut.', 0),
('MAT022', 'MAT01MT22', 'Bilangan Bulat', 'Kerjakan soal penjumlahan dan pengurangan bilangan negatif.', 0),
('MAT023', 'MAT01MT23', 'Pecahan & Persentase', 'Konversi pecahan ke persen dan sebaliknya.', 0),
('MAT024', 'MAT01MT24', 'Pengukuran Waktu & Panjang', 'Hitung durasi waktu dan panjang lintasan.', 0),
('MAT025', 'MAT01MT25', 'Grafik & Diagram', 'Analisis grafik batang dan jawab pertanyaan berdasarkan grafik.', 0),

('BIN021', 'BIN01MT21', 'Cerita Pendek & Rakyat', 'Tulis ringkasan dari salah satu cerita rakyat yang kamu baca.', 0),
('BIN022', 'BIN01MT22', 'Menyusun Paragraf', 'Susun 5 kalimat acak menjadi paragraf yang padu.', 0),
('BIN023', 'BIN01MT23', 'Kata Kerja & Kata Sifat', 'Tentukan kata kerja dan kata sifat dari paragraf yang diberikan.', 0),
('BIN024', 'BIN01MT24', 'Mengurai Teks', 'Baca teks lalu temukan ide pokok dan rincian pentingnya.', 0),
('BIN025', 'BIN01MT25', 'Menulis Surat Resmi', 'Buat surat resmi undangan kegiatan sekolah.', 0),

('IPA011', 'IPA01MT11', 'Sistem Pernapasan', 'Gambarkan sistem pernapasan manusia dan jelaskan fungsinya.', 0),
('IPA012', 'IPA01MT12', 'Energi & Perubahannya', 'Berikan contoh perubahan energi dalam kehidupan sehari-hari.', 0),
('IPA013', 'IPA01MT13', 'Siklus Air', 'Gambarkan dan jelaskan tahapan siklus air.', 0),
('IPA014', 'IPA01MT14', 'Tanaman & Hewan', 'Identifikasi adaptasi tanaman dan hewan terhadap lingkungannya.', 0),
('IPA015', 'IPA01MT15', 'Pengaruh Lingkungan', 'Berikan contoh dampak positif dan negatif dari aktivitas manusia terhadap lingkungan.', 0);

-- Kelas 6
INSERT INTO tugas (id_tugas, id_materi, nama_tugas, detail_tugas, status_del) VALUES
('MAT026', 'MAT01MT26', 'Aljabar Dasar', 'Gunakan simbol untuk menyelesaikan soal aljabar sederhana.', 0),
('MAT027', 'MAT01MT27', 'Statistika Sederhana', 'Hitung mean, median, dan modus dari data yang diberikan.', 0),
('MAT028', 'MAT01MT28', 'Bangun Datar Lanjut', 'Hitung luas dan keliling bangun datar gabungan.', 0),
('MAT029', 'MAT01MT29', 'Pengukuran Volume', 'Hitung volume balok dan kubus.', 0),
('MAT030', 'MAT01MT30', 'Peluang Dasar', 'Tentukan peluang munculnya angka pada pelemparan dadu.', 0),

('BIN026', 'BIN01MT26', 'Membaca Puisi & Cerita', 'Analisis unsur intrinsik dari puisi atau cerita pendek.', 0),
('BIN027', 'BIN01MT27', 'Teks Eksposisi', 'Tulis teks eksposisi tentang pentingnya menjaga lingkungan.', 0),
('BIN028', 'BIN01MT28', 'Identifikasi Informasi', 'Dari teks berita, identifikasi 5 informasi penting.', 0),
('BIN029', 'BIN01MT29', 'Membuat Cerita', 'Buat cerita pendek bertema persahabatan.', 0),
('BIN030', 'BIN01MT30', 'Kata Hubung', 'Tulis 10 kalimat menggunakan berbagai jenis kata hubung.', 0),

('IPS011', 'IPS01MT11', 'Sejarah Indonesia', 'Tuliskan peristiwa penting dalam sejarah kemerdekaan Indonesia.', 0),
('IPS012', 'IPS01MT12', 'Kerja Sama Sosial', 'Buat tulisan tentang pentingnya gotong royong.', 0),
('IPS013', 'IPS01MT13', 'Perubahan Sosial', 'Jelaskan perubahan sosial yang terjadi di lingkunganmu.', 0),
('IPS014', 'IPS01MT14', 'Sistem Pemerintahan', 'Uraikan tugas presiden, DPR, dan lembaga yudikatif.', 0),
('IPS015', 'IPS01MT15', 'Geografi Indonesia', 'Sebutkan dan jelaskan 3 bentuk muka bumi Indonesia.', 0);

-- Kelas 7 - 12
INSERT INTO tugas (id_tugas, id_materi, nama_tugas, detail_tugas, status_del) VALUES
('MAT061', 'MAT01MT31', 'Persamaan Linear', 'Selesaikan soal-soal tentang bentuk umum, grafik, dan penyelesaian persamaan linear.', 0),
('MAT062', 'MAT01MT32', 'Fungsi dan Grafik', 'Pelajari hubungan antar variabel dan gambarkan grafik dari fungsi matematika sederhana.', 0),
('MAT063', 'MAT01MT33', 'Sistem Persamaan', 'Tentukan himpunan penyelesaian dari sistem persamaan dua variabel.', 0),
('MAT064', 'MAT01MT34', 'Pertidaksamaan', 'Kerjakan pertidaksamaan linear satu variabel dan representasikan solusinya pada garis bilangan.', 0),
('MAT065', 'MAT01MT35', 'Statistika dan Peluang', 'Hitung ukuran pemusatan data seperti mean, median, dan modus dari data sederhana.', 0),
('BIN066', 'BIN01MT31', 'Teks Deskripsi dan Narasi', 'Tulislah teks deskripsi yang menggambarkan objek atau suasana secara rinci.', 0),
('BIN067', 'BIN01MT32', 'Penggunaan Ejaan', 'Perbaiki kesalahan penulisan huruf kapital, tanda baca, dan penulisan kata sesuai PUEBI.', 0),
('BIN068', 'BIN01MT33', 'Kaidah Bahasa', 'Analisis kaidah kebahasaan seperti penggunaan kata hubung dan kata kerja dalam teks.', 0),
('BIN069', 'BIN01MT34', 'Menganalisis Teks', 'Identifikasi struktur, unsur penting, dan makna dari teks bacaan.', 0),
('BIN070', 'BIN01MT35', 'Menyusun Paragraf', 'Susun paragraf yang runtut dan padu dari kalimat-kalimat acak.', 0),
('IPA071', 'IPA01MT16', 'Sistem Organ Tubuh', 'Jelaskan fungsi dan struktur dari sistem organ manusia seperti pernapasan dan pencernaan.', 0),
('IPA072', 'IPA01MT17', 'Energi dan Perubahannya', 'Berikan contoh perubahan energi dalam kehidupan sehari-hari dan jelaskan prosesnya.', 0),
('IPA073', 'IPA01MT18', 'Sifat Zat', 'Klasifikasikan zat berdasarkan wujud dan sifat fisikanya.', 0),
('IPA074', 'IPA01MT19', 'Gerak dan Gaya', 'Amati pengaruh gaya terhadap gerak benda dan jelaskan hukum Newton yang sesuai.', 0),
('IPA075', 'IPA01MT20', 'Lingkungan Hidup', 'Identifikasi faktor-faktor yang memengaruhi keseimbangan lingkungan.', 0),
('ENG076', 'ENG02MT01', 'Basic Grammar', 'Tugas berkaitan dengan topik basic grammar.', 0),
('ENG077', 'ENG02MT02', 'Vocabulary Building', 'Tugas berkaitan dengan topik vocabulary building.', 0),
('ENG078', 'ENG02MT03', 'Simple Conversation', 'Tugas berkaitan dengan topik simple conversation.', 0),
('ENG079', 'ENG02MT04', 'Reading Comprehension', 'Tugas berkaitan dengan topik reading comprehension.', 0),
('ENG080', 'ENG02MT05', 'Writing Basic Sentences', 'Tugas berkaitan dengan topik writing basic sentences.', 0),
('MAT081', 'MAT01MT36', 'Aljabar Lanjut', 'Tugas berkaitan dengan topik aljabar lanjut.', 0),
('MAT082', 'MAT01MT37', 'Fungsi Kuadrat', 'Tugas berkaitan dengan topik fungsi kuadrat.', 0),
('MAT083', 'MAT01MT38', 'Statistika', 'Hitung ukuran pemusatan data seperti mean, median, dan modus dari data sederhana.', 0),
('MAT084', 'MAT01MT39', 'Geometri', 'Tugas berkaitan dengan topik geometri.', 0),
('MAT085', 'MAT01MT40', 'Peluang', 'Tentukan peluang kejadian sederhana menggunakan rumus dasar probabilitas.', 0),
('BIN086', 'BIN01MT36', 'Teks Eksposisi', 'Tugas berkaitan dengan topik teks eksposisi.', 0),
('BIN087', 'BIN01MT37', 'Analisis Teks', 'Tugas berkaitan dengan topik analisis teks.', 0),
('BIN088', 'BIN01MT38', 'Kaidah Bahasa Lanjut', 'Analisis kaidah kebahasaan seperti penggunaan kata hubung dan kata kerja dalam teks.', 0),
('BIN089', 'BIN01MT39', 'Menyusun Paragraf Lanjut', 'Susun paragraf yang runtut dan padu dari kalimat-kalimat acak.', 0),
('BIN090', 'BIN01MT40', 'Penulisan Esai', 'Tugas berkaitan dengan topik penulisan esai.', 0),
('IPS091', 'IPS01MT16', 'Sejarah Indonesia Modern', 'Tugas berkaitan dengan topik sejarah indonesia modern.', 0),
('IPS092', 'IPS01MT17', 'Geografi dan Lingkungan', 'Tugas berkaitan dengan topik geografi dan lingkungan.', 0),
('IPS093', 'IPS01MT18', 'Sistem Pemerintahan', 'Tugas berkaitan dengan topik sistem pemerintahan.', 0),
('IPS094', 'IPS01MT19', 'Sosial Budaya', 'Tugas berkaitan dengan topik sosial budaya.', 0),
('IPS095', 'IPS01MT20', 'Ekonomi Dasar', 'Tugas berkaitan dengan topik ekonomi dasar.', 0),
('ENG096', 'ENG02MT06', 'Intermediate Grammar', 'Tugas berkaitan dengan topik intermediate grammar.', 0),
('ENG097', 'ENG02MT07', 'Conversation Practice', 'Tugas berkaitan dengan topik conversation practice.', 0),
('ENG098', 'ENG02MT08', 'Reading Longer Texts', 'Tugas berkaitan dengan topik reading longer texts.', 0),
('ENG099', 'ENG02MT09', 'Writing Paragraphs', 'Tugas berkaitan dengan topik writing paragraphs.', 0),
('ENG100', 'ENG02MT10', 'Listening Comprehension', 'Tugas berkaitan dengan topik listening comprehension.', 0),
('MAT101', 'MAT01MT41', 'Fungsi dan Grafik', 'Pelajari hubungan antar variabel dan gambarkan grafik dari fungsi matematika sederhana.', 0),
('MAT102', 'MAT01MT42', 'Persamaan Kuadrat', 'Tugas berkaitan dengan topik persamaan kuadrat.', 0),
('MAT103', 'MAT01MT43', 'Transformasi Geometri', 'Tugas berkaitan dengan topik transformasi geometri.', 0),
('MAT104', 'MAT01MT44', 'Statistika dan Peluang', 'Hitung ukuran pemusatan data seperti mean, median, dan modus dari data sederhana.', 0),
('MAT105', 'MAT01MT45', 'Barisan dan Deret', 'Tugas berkaitan dengan topik barisan dan deret.', 0),
('BIN106', 'BIN01MT41', 'Teks Argumentasi', 'Tugas berkaitan dengan topik teks argumentasi.', 0),
('BIN107', 'BIN01MT42', 'Kaidah Bahasa Indonesia', 'Analisis kaidah kebahasaan seperti penggunaan kata hubung dan kata kerja dalam teks.', 0),
('BIN108', 'BIN01MT43', 'Menganalisis Teks', 'Identifikasi struktur, unsur penting, dan makna dari teks bacaan.', 0),
('BIN109', 'BIN01MT44', 'Menulis Esai', 'Tugas berkaitan dengan topik menulis esai.', 0),
('BIN110', 'BIN01MT45', 'Pidato', 'Tugas berkaitan dengan topik pidato.', 0),
('IPA111', 'IPA01MT21', 'Struktur Sel', 'Tugas berkaitan dengan topik struktur sel.', 0),
('IPA112', 'IPA01MT22', 'Sistem Organisasi Kehidupan', 'Tugas berkaitan dengan topik sistem organisasi kehidupan.', 0),
('IPA113', 'IPA01MT23', 'Fisika Dasar', 'Tugas berkaitan dengan topik fisika dasar.', 0),
('IPA114', 'IPA01MT24', 'Kimia Dasar', 'Tugas berkaitan dengan topik kimia dasar.', 0),
('IPA115', 'IPA01MT25', 'Lingkungan dan Ekosistem', 'Tugas berkaitan dengan topik lingkungan dan ekosistem.', 0),
('IPA116', 'IPA01MT26', 'Sistem Tata Surya', 'Tugas berkaitan dengan topik sistem tata surya.', 0),
('ENG117', 'ENG02MT11', 'Advanced Grammar', 'Tugas berkaitan dengan topik advanced grammar.', 0),
('ENG118', 'ENG02MT12', 'Essay Writing', 'Tugas berkaitan dengan topik essay writing.', 0),
('ENG119', 'ENG02MT13', 'Literature Analysis', 'Tugas berkaitan dengan topik literature analysis.', 0),
('ENG120', 'ENG02MT14', 'Public Speaking', 'Tugas berkaitan dengan topik public speaking.', 0),
('ENG121', 'ENG02MT15', 'Debate Skills', 'Tugas berkaitan dengan topik debate skills.', 0),
('MAT122', 'MAT01MT46', 'Trigonometri Dasar', 'Tugas berkaitan dengan topik trigonometri dasar.', 0),
('MAT123', 'MAT01MT47', 'Limit dan Fungsi', 'Tugas berkaitan dengan topik limit dan fungsi.', 0),
('MAT124', 'MAT01MT48', 'Derivatif', 'Tugas berkaitan dengan topik derivatif.', 0),
('MAT125', 'MAT01MT49', 'Integral Dasar', 'Tugas berkaitan dengan topik integral dasar.', 0),
('MAT126', 'MAT01MT50', 'Statistika Lanjut', 'Lakukan analisis data statistik termasuk distribusi frekuensi dan simpangan baku.', 0),
('BIO129', 'BIO01MT01', 'Keanekaragaman Hayati', 'Tugas berkaitan dengan topik Keanekaragaman Hayati.', 0),
('BIO130', 'BIO01MT02', 'Klasifikasi Makhluk Hidup', 'Tugas berkaitan dengan topik Klasifikasi Makhluk Hidup.', 0),
('BIO131', 'BIO01MT03', 'Sel Sebagai Unit Kehidupan', 'Tugas berkaitan dengan topik Sel Sebagai Unit Kehidupan.', 0),
('BIO132', 'BIO01MT04', 'Jaringan pada Tumbuhan dan Hewan', 'Tugas berkaitan dengan topik Jaringan pada Tumbuhan dan Hewan.', 0),
('BIO133', 'BIO01MT05', 'Sistem Organisasi Kehidupan', 'Tugas berkaitan dengan topik Sistem Organisasi Kehidupan.', 0),
('FIS134', 'FIS01MT01', 'Besaran dan Satuan', 'Tugas berkaitan dengan topik Besaran dan Satuan.', 0),
('FIS135', 'FIS01MT02', 'Gerak Lurus', 'Tugas berkaitan dengan topik Gerak Lurus.', 0),
('FIS136', 'FIS01MT03', 'Hukum Newton tentang Gerak', 'Tugas berkaitan dengan topik Hukum Newton tentang Gerak.', 0),
('FIS137', 'FIS01MT04', 'Usaha dan Energi', 'Tugas berkaitan dengan topik Usaha dan Energi.', 0),
('FIS138', 'FIS01MT05', 'Momentum dan Impuls', 'Tugas berkaitan dengan topik Momentum dan Impuls.', 0),
('ENG139', 'ENG02MT16', 'Academic Writing', 'Tugas berkaitan dengan topik academic writing.', 0),
('ENG140', 'ENG02MT17', 'Advanced Reading', 'Tugas berkaitan dengan topik advanced reading.', 0),
('ENG141', 'ENG02MT18', 'Speech and Presentation', 'Tugas berkaitan dengan topik speech and presentation.', 0),
('ENG142', 'ENG02MT19', 'Critical Thinking', 'Tugas berkaitan dengan topik critical thinking.', 0),
('ENG143', 'ENG02MT20', 'Research Methods', 'Tugas berkaitan dengan topik research methods.', 0),
('MAT144', 'MAT01MT51', 'Kalkulus Lanjut', 'Tugas berkaitan dengan topik kalkulus lanjut.', 0),
('MAT145', 'MAT01MT52', 'Aljabar Linear', 'Tugas berkaitan dengan topik aljabar linear.', 0),
('MAT146', 'MAT01MT53', 'Geometri Analitik', 'Tugas berkaitan dengan topik geometri analitik.', 0),
('MAT147', 'MAT01MT54', 'Statistika Terapan', 'Hitung ukuran pemusatan data seperti mean, median, dan modus dari data sederhana.', 0),
('MAT148', 'MAT01MT55', 'Peluang Lanjut', 'Tentukan peluang kejadian sederhana menggunakan rumus dasar probabilitas.', 0),
('SEJ149', 'SEJ01MT01', 'Kerajaan-Kerajaan Islam di Indonesia', 'Tugas berkaitan dengan topik Kerajaan-Kerajaan Islam di Indonesia.', 0),
('SEJ150', 'SEJ01MT02', 'Perkembangan Kolonialisme dan Imperialisme di Indonesia', 'Tugas berkaitan dengan topik Perkembangan Kolonialisme dan Imperialisme di Indonesia.', 0),
('SEJ151', 'SEJ01MT03', 'Perlawanan Bangsa Indonesia terhadap Kolonialisme', 'Tugas berkaitan dengan topik Perlawanan Bangsa Indonesia terhadap Kolonialisme.', 0),
('SEJ152', 'SEJ01MT04', 'Kebangkitan Nasional dan Pergerakan Nasional Indonesia', 'Tugas berkaitan dengan topik Kebangkitan Nasional dan Pergerakan Nasional Indonesia.', 0),
('SEJ153', 'SEJ01MT05', 'Kehidupan Bangsa Indonesia Masa Pendudukan Jepang', 'Tugas berkaitan dengan topik Kehidupan Bangsa Indonesia Masa Pendudukan Jepang.', 0),
('KIM154', 'KIM01MT01', 'Larutan Asam dan Basa', 'Tugas berkaitan dengan topik Larutan Asam dan Basa.', 0),
('KIM155', 'KIM01MT02', 'Ikatan Kimia', 'Tugas berkaitan dengan topik Ikatan Kimia.', 0),
('KIM156', 'KIM01MT03', 'Hukum Dasar Kimia', 'Tugas berkaitan dengan topik Hukum Dasar Kimia.', 0),
('KIM157', 'KIM01MT04', 'Reaksi Redoks dan Elektrokimia', 'Tugas berkaitan dengan topik Reaksi Redoks dan Elektrokimia.', 0),
('KIM158', 'KIM01MT05', 'Larutan Asam dan Basa', 'Tugas berkaitan dengan topik Larutan Asam dan Basa.', 0),
('ENG159', 'ENG02MT21', 'Literary Criticism', 'Tugas berkaitan dengan topik literary criticism.', 0),
('ENG160', 'ENG02MT22', 'Advanced Research', 'Tugas berkaitan dengan topik advanced research.', 0),
('ENG161', 'ENG02MT23', 'Oral Communication', 'Tugas berkaitan dengan topik oral communication.', 0),
('ENG162', 'ENG02MT24', 'Creative Writing', 'Tugas berkaitan dengan topik creative writing.', 0),
('ENG163', 'ENG02MT25', 'Debate and Rhetoric', 'Tugas berkaitan dengan topik debate and rhetoric.', 0),
('MAT164', 'MAT01MT56', 'Matematika Diskrit', 'Tugas berkaitan dengan topik matematika diskrit.', 0),
('MAT165', 'MAT01MT57', 'Analisis Real', 'Tugas berkaitan dengan topik analisis real.', 0),
('MAT166', 'MAT01MT58', 'Topologi', 'Tugas berkaitan dengan topik topologi.', 0),
('MAT167', 'MAT01MT59', 'Teori Bilangan', 'Tugas berkaitan dengan topik teori bilangan.', 0),
('MAT168', 'MAT01MT60', 'Matematika Terapan', 'Tugas berkaitan dengan topik matematika terapan.', 0),
('EKO169', 'EKO01MT01', 'Pendapatan Nasional', 'Tugas berkaitan dengan topik Pendapatan Nasional.', 0),
('EKO170', 'EKO01MT02', 'Ketergantungan dan Perdagangan Internasional', 'Tugas berkaitan dengan topik Ketergantungan dan Perdagangan Internasional.', 0),
('EKO171', 'EKO01MT03', 'Ketenagakerjaan dan Masalah Pengangguran', 'Tugas berkaitan dengan topik Ketenagakerjaan dan Masalah Pengangguran.', 0),
('EKO172', 'EKO01MT04', 'Anggaran Pendapatan dan Belanja Negara (APBN)', 'Tugas berkaitan dengan topik Anggaran Pendapatan dan Belanja Negara (APBN).', 0),
('EKO173', 'EKO01MT05', 'Peran Lembaga Keuangan', 'Tugas berkaitan dengan topik Peran Lembaga Keuangan.', 0),
('SOS174', 'SOS01MT01', 'Perubahan Sosial', 'Tugas berkaitan dengan topik Perubahan Sosial.', 0),
('SOS175', 'SOS01MT02', 'Globalisasi dan Dampaknya terhadap Kehidupan Sosial', 'Tugas berkaitan dengan topik Globalisasi dan Dampaknya terhadap Kehidupan Sosial.', 0),
('SOS176', 'SOS01MT03', 'Konflik Sosial dan Integrasi Sosial', 'Tugas berkaitan dengan topik Konflik Sosial dan Integrasi Sosial.', 0),
('SOS177', 'SOS01MT04', 'Pemberdayaan Komunitas', 'Tugas berkaitan dengan topik Pemberdayaan Komunitas.', 0),
('SOS178', 'SOS01MT05', 'Ketimpangan Sosial sebagai Dampak Perubahan Sosial', 'Tugas berkaitan dengan topik Ketimpangan Sosial sebagai Dampak Perubahan Sosial.', 0),
('ENG179', 'ENG02MT26', 'Advanced Literary Studies', 'Tugas berkaitan dengan topik advanced literary studies.', 0),
('ENG180', 'ENG02MT27', 'Research Writing', 'Tugas berkaitan dengan topik research writing.', 0),
('ENG181', 'ENG02MT28', 'Professional Communication', 'Tugas berkaitan dengan topik professional communication.', 0),
('ENG182', 'ENG02MT29', 'Public Speaking Advanced', 'Tugas berkaitan dengan topik public speaking advanced.', 0),
('ENG183', 'ENG02MT30', 'Critical Analysis', 'Tugas berkaitan dengan topik critical analysis.', 0);

INSERT INTO detail_les (id_detail_les, id_tutor, id_mapel, id_ruangan, jam_mulai, jam_berakhir, tanggal, keterangan, status_les, status_del) VALUES
('DL250001', 'A01', 'J01IPA01', 'R01', '08:00:00', '09:00:00', '2025-05-01', '', 1, 0),
('DL250002', 'B01', 'J01MAT01', 'R07', '09:30:00', '11:00:00', '2025-05-01', '', 1, 0),
('DL250003', 'C01', 'J02IPS01', 'R02', '13:00:00', '14:00:00', '2025-05-02', '', 1, 1),
('DL250004', 'D01', 'J03BIN01', 'R03', '14:30:00', '16:00:00', '2025-05-02', '', 1, 0),
('DL250005', 'E01', 'J03IPA01', 'R04', '08:00:00', '09:30:00', '2025-05-03', '', 1, 0),
('DL250006', 'F01', 'J03MAT01', 'R07', '10:00:00', '11:00:00', '2025-05-03', '', 1, 0),
('DL250007', 'G01', 'J04BIN01', 'R05', '13:30:00', '14:30:00', '2025-05-04', '', 1, 0),
('DL250008', 'H01', 'J04IPS01', 'R02', '15:00:00', '16:30:00', '2025-05-04', '', 1, 0),
('DL250009', 'I01', 'J04MAT01', 'R03', '09:00:00', '10:00:00', '2025-05-05', '', 1, 1),
('DL250010', 'J01', 'J05BIN01', 'R04', '10:30:00', '12:00:00', '2025-05-05', '', 1, 0),
('DL250011', 'K01', 'J05IPA01', 'R09', '08:30:00', '09:30:00', '2025-05-06', '', 1, 0),
('DL250012', 'L01', 'J05MAT01', 'R04', '10:00:00', '11:30:00', '2025-05-06', '', 1, 1),
('DL250013', 'M01', 'J06BIN01', 'R01', '13:00:00', '14:00:00', '2025-05-07', '', 1, 0),
('DL250014', 'N01', 'J06IPS01', 'R03', '14:30:00', '16:00:00', '2025-05-07', '', 1, 1),
('DL250015', 'O01', 'J06MAT01', 'R02', '08:00:00', '09:00:00', '2025-05-08', '', 0, 0),
('DL250016', 'P01', 'J07BIN01', 'R01', '09:30:00', '11:00:00', '2025-05-08', '', 0, 0),
('DL250017', 'R01', 'J07ENG02', 'R08', '13:00:00', '14:00:00', '2025-05-09', '', 0, 0),
('DL250018', 'S01', 'J07IPA01', 'R09', '14:30:00', '16:00:00', '2025-05-09', '', 0, 0),
('DL250019', 'T01', 'J07MAT01', 'R07', '08:00:00', '09:30:00', '2025-05-10', '', 0, 0),
('DL250020', 'U01', 'J08BIN01', 'R01', '10:00:00', '11:00:00', '2025-05-10', '', 0, 0),
('DL250021', 'V01', 'J08ENG02', 'R08', '13:30:00', '14:30:00', '2025-05-11', '', 0, 0),
('DL250022', 'W01', 'J08IPS01', 'R03', '15:00:00', '16:30:00', '2025-05-11', '', 0, 0),
('DL250023', 'X01', 'J08MAT01', 'R07', '09:00:00', '10:00:00', '2025-05-12', '', 0, 0),
('DL250024', 'Y01', 'J09BIN01', 'R02', '10:30:00', '12:00:00', '2025-05-12', '', 0, 0),
('DL250025', 'Z01', 'J09ENG02', 'R08', '08:30:00', '09:30:00', '2025-05-13', '', 1, 1),
('DL250026', 'A02', 'J09IPA01', 'R04', '10:00:00', '11:30:00', '2025-05-13', '', 1, 0),
('DL250027', 'B02', 'J09MAT01', 'R05', '13:00:00', '14:00:00', '2025-05-14', '', 1, 0),
('DL250028', 'C02', 'J10BIO01', 'R09', '14:30:00', '16:00:00', '2025-05-14', '', 1, 0),
('DL250029', 'D02', 'J10ENG02', 'R08', '08:00:00', '09:00:00', '2025-05-15', '', 1, 0),
('DL250030', 'E02', 'J10FIS01', 'R01', '09:30:00', '11:00:00', '2025-05-15', '', 1, 0),
('DL250031', 'F02', 'J10MAT01', 'R01', '13:00:00', '14:00:00', '2025-06-01', '', 0, 0),
('DL250032', 'G02', 'J11ENG02', 'R08', '14:30:00', '16:00:00', '2025-06-01', '', 0, 0),
('DL250033', 'H02', 'J11KIM01', 'R04', '08:00:00', '09:30:00', '2025-06-02', '', 0, 0),
('DL250034', 'I02', 'J11MAT01', 'R02', '10:00:00', '11:00:00', '2025-06-02', '', 0, 0),
('DL250035', 'J02', 'J11SEJ01', 'R03', '13:30:00', '14:30:00', '2025-06-03', '', 0, 0),
('DL250036', 'K02', 'J12EKO01', 'R01', '15:00:00', '16:30:00', '2025-06-03', '', 0, 0),
('DL250037', 'L02', 'J02MAT01', 'R03', '09:00:00', '10:00:00', '2025-06-04', '', 0, 1),
('DL250038', 'M02', 'J12ENG02', 'R02', '10:30:00', '12:00:00', '2025-06-04', '', 0, 0),
('DL250039', 'N02', 'J12MAT01', 'R05', '08:30:00', '09:30:00', '2025-06-05', '', 0, 0),
('DL250040', 'O02', 'J12SOS01', 'R04', '10:00:00', '11:30:00', '2025-06-05', '', 0, 0),
('DL250041', 'P02', 'J12MAT01', 'R02', '13:00:00', '14:00:00', '2025-06-06', '', 0, 0),
('DL250042', 'Q01', 'J12ENG02', 'R04', '14:30:00', '16:00:00', '2025-06-06', '', 0, 0),
('DL250043', 'R02', 'J10MAT01', 'R01', '08:00:00', '09:00:00', '2025-06-07', '', 1, 1),
('DL250044', 'S02', 'J09ENG02', 'R08', '09:30:00', '11:00:00', '2025-06-07', '', 1, 0),
('DL250045', 'T02', 'J07BIN01', 'R04', '13:00:00', '14:30:00', '2025-06-08', '', 0, 1),
('DL250046', 'U02', 'J05MAT01', 'R05', '15:00:00', '16:00:00', '2025-06-08', '', 0, 1),
('DL250047', 'V02', 'J03BIN01', 'R03', '08:30:00', '10:00:00', '2025-06-09', '', 1, 0),
('DL250048', 'W02', 'J01BIN01', 'R01', '10:30:00', '11:30:00', '2025-06-09', '', 1, 0),
('DL250049', 'X02', 'J04IPS01', 'R05', '13:00:00', '14:00:00', '2025-06-10', '', 1, 0),
('DL250050', 'Y02', 'J10FIS01', 'R09', '14:30:00', '16:00:00', '2025-06-10', '', 1, 1);

INSERT INTO tugas_detail_les (id_tugas, id_detail_les, pengumpulan, status_del) VALUES
('IPS003', 'DL250003', '2025-05-09', 0),
('BIN016', 'DL250007', '2025-05-11', 0),
('IPA012', 'DL250011', '2025-05-13', 0),
('BIN029', 'DL250013', '2025-05-14', 0),
('BIN067', 'DL250016', '2025-05-15', 0);

INSERT INTO siswa_detail_les (id_siswa, id_detail_les, status_hadir, catatan, status_del) VALUES
('A001', 'DL250002', 0, 'Tanpa kabar dari siswa maupun orang tua', 0),
('A002', 'DL250019', 1, 'Siswa hadir dan aktif bertanya', 0),
('A003', 'DL250021', 0, 'Tanpa kabar dari siswa maupun orang tua', 0),
('A004', 'DL250031', 1, 'Siswa hadir dan aktif bertanya', 0),
('A005', 'DL250005', 1, 'Hadir, namun terlihat kelelahan', 0),
('A006', 'DL250026', 1, 'Siswa hadir dan sudah membaca materi sebelumnya', 0),
('A007', 'DL250042', 1, 'Hadir tepat waktu dan antusias', 0),
('A008', 'DL250011', 1, 'Aktif berdiskusi di kelas', 0),
('A009', 'DL250016', 1, 'Siswa hadir dan aktif bertanya', 0),
('A010', 'DL250033', 1, 'Aktif berdiskusi di kelas', 0),
('A011', 'DL250023', 0, 'Tanpa kabar dari siswa maupun orang tua', 0),
('A012', 'DL250028', 1, 'Siswa hadir dan aktif bertanya', 0),
('A013', 'DL250013', 0, 'Tanpa kabar dari siswa maupun orang tua', 0),
('A014', 'DL250025', 1, 'Siswa hadir dan aktif bertanya', 0),
('A015', 'DL250035', 1, 'Hadir, namun terlihat kelelahan', 0),
('B001', 'DL250036', 1, 'Hadir tepat waktu dan antusias', 0),
('B002', 'DL250022', 1, 'Aktif berdiskusi di kelas', 0),
('B003', 'DL250001', 1, 'Siswa hadir dan aktif bertanya', 0),
('B004', 'DL250032', 1, 'Aktif berdiskusi di kelas', 0),
('B005', 'DL250027', 1, 'Siswa hadir dan berpartisipasi dengan baik', 0),
('B006', 'DL250007', 0, 'Tidak hadir dan tidak ada pemberitahuan', 0),
('B007', 'DL250030', 1, 'Siswa hadir dan menyelesaikan tugas dengan baik', 0),
('B008', 'DL250017', 1, 'Hadir, namun kurang fokus', 0),
('B009', 'DL250015', 1, 'Siswa hadir dengan semangat', 0),
('B010', 'DL250040', 0, 'Sakit, izin dari orang tua', 0),
('B011', 'DL250020', 1, 'Siswa hadir dan memimpin diskusi kelompok', 0),
('B012', 'DL250034', 1, 'Aktif menjawab pertanyaan guru', 0),
('B013', 'DL250010', 1, 'Hadir dan mengikuti dengan serius', 0),
('C001', 'DL250026', 0, 'Tidak hadir, alasan tidak diketahui', 0),
('C002', 'DL250029', 1, 'Siswa hadir dan membantu temannya memahami materi', 0),
('C004', 'DL250018', 1, 'Siswa hadir dan menunjukkan peningkatan', 0),
('D001', 'DL250035', 0, 'Tidak hadir, mengirim pesan setelah kelas', 0),
('D002', 'DL250006', 1, 'Siswa hadir dengan kesiapan tinggi', 0),
('D003', 'DL250021', 1, 'Antusiasme tinggi saat berdiskusi', 0),
('D004', 'DL250039', 1, 'Siswa hadir dan mendengarkan dengan baik', 0),
('E001', 'DL250013', 1, 'Hadir dan melakukan review materi sebelumnya', 0),
('E002', 'DL250024', 0, 'Tidak hadir dan tidak aktif di grup kelas', 0),
('E003', 'DL250008', 1, 'Siswa hadir dan mengikuti simulasi ujian', 0),
('E004', 'DL250022', 1, 'Berpartisipasi aktif dalam semua sesi', 0),
('E005', 'DL250038', 1, 'Hadir dan mengerjakan soal latihan', 0),
('E007', 'DL250019', 1, 'Siswa hadir dan menunjukkan minat tinggi', 0),
('E008', 'DL250032', 1, 'Siswa hadir dan kooperatif', 0),
('E009', 'DL250025', 1, 'Menjawab soal dengan percaya diri', 0),
('E010', 'DL250004', 1, 'Siswa hadir dan disiplin waktu', 0),
('E011', 'DL250023', 0, 'Siswa tidak hadir tanpa kabar', 0),
('E012', 'DL250030', 1, 'Aktif dalam diskusi kelompok', 0),
('E013', 'DL250011', 1, 'Siswa hadir dan bertanya dengan kritis', 0),
('E014', 'DL250017', 1, 'Tepat waktu dan siap belajar', 0),
('F001', 'DL250015', 0, 'Sakit, konfirmasi dari orang tua', 0),
('F002', 'DL250040', 1, 'Mengikuti kegiatan dengan penuh semangat', 0),
('F003', 'DL250020', 1, 'Hadir dan memberikan kontribusi positif', 0),
('F004', 'DL250034', 1, 'Membantu temannya belajar', 0),
('G001', 'DL250010', 0, 'Izin karena urusan keluarga', 0),
('G002', 'DL250026', 1, 'Siswa hadir dan fokus selama kelas', 0),
('G003', 'DL250029', 1, 'Berpartisipasi dalam kuis kelas', 0),
('G005', 'DL250018', 0, 'Tidak hadir tanpa pemberitahuan', 0),
('G006', 'DL250035', 1, 'Menunjukkan peningkatan pemahaman', 0),
('G007', 'DL250006', 1, 'Siswa hadir dengan semangat belajar tinggi', 0),
('G008', 'DL250021', 1, 'Hadir dan kooperatif', 0),
('G009', 'DL250041', 1, 'Bersemangat selama sesi diskusi', 0),
('H001', 'DL250013', 0, 'Tidak hadir dan tidak merespons', 0),
('H002', 'DL250024', 1, 'Siswa hadir dan memperlihatkan progres', 0),
('H003', 'DL250008', 1, 'Mengikuti instruksi dengan baik', 0),
('H004', 'DL250022', 1, 'Mengerjakan tugas dengan serius', 0),
('I001', 'DL250042', 1, 'Siswa hadir dengan kesiapan maksimal', 0),
('I002', 'DL250048', 1, 'Hadir dan menjadi moderator diskusi kelompok', 0),
('I003', 'DL250019', 1, 'Aktif bertanya saat materi sulit', 0),
('I004', 'DL250032', 0, 'Izin karena ada acara keluarga', 0),
('I005', 'DL250025', 1, 'Hadir dan menyelesaikan semua latihan', 0),
('I006', 'DL250004', 1, 'Memberikan ide kreatif saat diskusi', 0),
('I007', 'DL250023', 1, 'Tepat waktu dan mengikuti seluruh sesi', 0),
('I008', 'DL250030', 1, 'Menjawab soal latihan dengan benar', 0),
('I009', 'DL250011', 0, 'Tidak hadir tanpa alasan yang jelas', 0),
('I010', 'DL250026', 1, 'Menunjukkan motivasi tinggi dalam belajar', 0),
('I011', 'DL250029', 1, 'Menjadi contoh bagi siswa lain', 0),
('I013', 'DL250018', 0, 'Izin karena keperluan penting', 0),
('I014', 'DL250035', 1, 'Siswa hadir dan menyimak materi dengan baik', 0),
('J001', 'DL250006', 1, 'Terlibat aktif dalam semua kegiatan kelas', 0),
('J002', 'DL250021', 1, 'Berinteraksi positif dengan teman', 0),
('J003', 'DL250039', 1, 'Siswa hadir dan mengajukan pertanyaan bermakna', 0),
('J004', 'DL250013', 0, 'Tidak hadir dan belum memberi kabar', 0),
('K001', 'DL250024', 1, 'Hadir dan memiliki semangat belajar tinggi', 0),
('K002', 'DL250008', 1, 'Mengerjakan semua tugas dengan teliti', 0),
('K003', 'DL250022', 1, 'Aktif dalam simulasi ujian', 0),
('K004', 'DL250038', 1, 'Berpartisipasi dalam review materi', 0),
('L001', 'DL250048', 0, 'Siswa tidak hadir karena kegiatan ekstrakurikuler', 0),
('L002', 'DL250019', 1, 'Siswa hadir dan berani mengungkapkan pendapat', 0),
('L003', 'DL250032', 0, 'Tidak hadir dan belum mengonfirmasi alasan', 0),
('L004', 'DL250025', 1, 'Berinteraksi aktif dalam tanya jawab', 0),
('L005', 'DL250004', 1, 'Siswa hadir dan menyelesaikan semua latihan tepat waktu', 0),
('L006', 'DL250023', 0, 'Izin karena sakit dengan surat dokter', 0),
('L007', 'DL250030', 1, 'Siswa hadir dan disiplin waktu', 0),
('L008', 'DL250011', 1, 'Hadir dan menjadi moderator diskusi kelompok', 0),
('M001', 'DL250017', 1, 'Siswa hadir dan antusias sepanjang sesi', 0),
('M002', 'DL250015', 0, 'Tidak hadir karena perjalanan keluarga', 0),
('M003', 'DL250040', 1, 'Hadir dan memberikan insight menarik', 0),
('N001', 'DL250020', 1, 'Siswa hadir dan bertanggung jawab', 0),
('N002', 'DL250034', 0, 'Tanpa kehadiran dan tidak merespons panggilan', 0),
('N003', 'DL250010', 1, 'Aktif dalam praktik soal dan diskusi', 0),
('N004', 'DL250025', 1, 'Menjadi pemimpin diskusi kelompok', 0),
('N005', 'DL250047', 1, 'Hadir dan mempersiapkan materi dengan baik', 0),
('N007', 'DL250018', 1, 'Hadir dan menunjukkan kemampuan analisis', 0),
('N008', 'DL250035', 1, 'Mengajukan pertanyaan yang relevan', 0),
('N009', 'DL250006', 0, 'Tidak hadir, belum ada pemberitahuan dari orang tua', 0),
('N010', 'DL250021', 1, 'Siswa hadir dan membuat catatan rapi', 0),
('N011', 'DL250041', 1, 'Aktif saat latihan soal bersama', 0),
('N012', 'DL250013', 0, 'Izin karena ada keperluan mendesak', 0),
('N013', 'DL250024', 1, 'Siswa hadir dan memperlihatkan rasa ingin tahu', 0),
('O001', 'DL250049', 1, 'Hadir dengan semangat tinggi', 0),
('O002', 'DL250022', 1, 'Berperan aktif dalam permainan edukatif', 0),
('P001', 'DL250038', 0, 'Tidak hadir dan tidak aktif di grup kelas', 0),
('P002', 'DL250048', 1, 'Siswa hadir dan menyelesaikan evaluasi mingguan', 0),
('P003', 'DL250019', 1, 'Siswa aktif dan memberi semangat pada teman', 0),
('Q001', 'DL250032', 1, 'Mengikuti sesi presentasi dengan baik', 0),
('Q002', 'DL250044', 1, 'Siswa hadir dan melakukan refleksi pembelajaran', 0),
('R001', 'DL250047', 1, 'Hadir dan menggunakan waktu dengan efisien', 0),
('R002', 'DL250023', 0, 'Tidak hadir, sedang perjalanan keluarga', 0),
('R003', 'DL250028', 1, 'Berpartisipasi dalam penugasan kelompok', 0),
('R004', 'DL250011', 1, 'Menjawab pertanyaan dengan percaya diri', 0),
('S001', 'DL250027', 1, 'Siswa hadir dan memahami materi dengan cepat', 0),
('S002', 'DL250029', 0, 'Tidak hadir karena gangguan teknis', 0),
('S004', 'DL250018', 1, 'Hadir dan menunjukkan tanggung jawab belajar', 0),
('S005', 'DL250035', 1, 'Menghadiri kelas dengan konsisten', 0),
('S006', 'DL250006', 1, 'Hadir dan sangat fokus mengikuti pembelajaran', 0),
('S007', 'DL250021', 0, 'Tidak hadir tanpa pemberitahuan', 0),
('T001', 'DL250041', 1, 'Berpartisipasi dalam sesi tanya jawab', 0),
('T002', 'DL250013', 1, 'Hadir dan memberikan komentar yang membangun', 0),
('T003', 'DL250024', 0, 'Sakit, informasi diberikan oleh orang tua', 0),
('U001', 'DL250049', 1, 'Menunjukkan peningkatan dalam diskusi', 0),
('U002', 'DL250022', 1, 'Datang tepat waktu dan antusias', 0),
('V001', 'DL250038', 1, 'Siswa hadir dan menyimak dengan baik', 0),
('V002', 'DL250048', 0, 'Izin karena ada acara keluarga', 0),
('V003', 'DL250019', 1, 'Aktif selama latihan soal berlangsung', 0),
('W001', 'DL250032', 1, 'Siswa hadir dan membawa tugas yang lengkap', 0),
('W002', 'DL250025', 1, 'Terlihat senang saat kegiatan kelompok', 0),
('W003', 'DL250004', 0, 'Tidak hadir karena gangguan jaringan', 0),
('X001', 'DL250023', 1, 'Menjawab pertanyaan dengan percaya diri', 0),
('X002', 'DL250028', 1, 'Membantu teman yang kesulitan memahami materi', 0),
('Y001', 'DL250011', 1, 'Siswa hadir dan menyampaikan ide yang menarik', 0),
('Y002', 'DL250017', 0, 'Tanpa kehadiran dan tidak bisa dihubungi', 0),
('Y003', 'DL250015', 1, 'Terlibat aktif dalam presentasi kelompok', 0),
('Z001', 'DL250040', 1, 'Membuat rangkuman materi secara mandiri', 0),
('Z002', 'DL250020', 1, 'Siswa hadir dan mengikuti kegiatan dengan disiplin', 0);

-- INSERT INTO pengumpulan_tugas VALUES
-- ();

-- INSERT INTO nilai VALUES
-- ();

INSERT INTO pembayaran_tutor (id_tutor, nominal, bulan_digaji, tanggal_bayar, status_bayar, status_del) VALUES
('A01', 120000, 1, '2025-01-31', 1, 0),
('B01', 150000, 2, '2025-02-28', 1, 0),
('C01', 0, 3, null, 0, 0),
('D01', 440000, 4, '2025-04-29', 1, 0),
('E01', 110000, 5, null, 0, 0),
('F01', 800000, 6, '2025-06-01', 1, 0),
('G01', 190000, 1, null, 0, 0),
('H01', 345000, 2, '2025-02-14', 1, 0),
('I01', 0, 3, null, 0, 0),
('J01', 555000, 4, '2025-04-20', 1, 0),
('K01', 900000, 5, '2025-05-22', 0, 0),
('L01', 0, 6, '2025-06-05', 1, 0),
('M01', 750000, 1, '2025-01-10', 1, 0),
('N01', 0, 2, null, 0, 0),
('O01', 680000, 3, '2025-03-05', 1, 0),
('P01', 110000, 4, null, 0, 0),
('R01', 740000, 5, '2025-05-15', 1, 0),
('S01', 700000, 6, null, 0, 0),
('T01', 690000, 1, '2025-01-20', 1, 0),
('U01', 760000, 2, '2025-02-01', 1, 0),
('V01', 930000, 3, null, 0, 0),
('W01', 720000, 4, '2025-04-01', 1, 0),
('X01', 1080000, 5, null, 0, 0),
('Y01', 750000, 6, '2025-06-07', 1, 0),
('Z01', 720000, 1, null, 0, 0),
('A02', 740000, 2, '2025-02-08', 1, 0),
('B02', 290000, 3, '2025-03-19', 1, 0),
('C02', 555000, 4, null, 0, 0),
('D02', 460000, 5, '2025-05-12', 1, 0),
('E02', 600000, 6, null, 0, 0),
('F02', 190000, 1, '2025-01-27', 1, 0),
('G02', 660000, 2, '2025-02-12', 1, 0),
('H02', 145000, 3, null, 0, 0),
('I02', 525000, 4, '2025-04-06', 1, 0),
('J02', 690000, 5, '2025-05-28', 1, 0),
('K02', 150000, 6, null, 0, 0),
('L02', 0, 1, null, 0, 0),
('M02', 480000, 2, '2025-02-22', 1, 0),
('N02', 300000, 3, '2025-03-12', 1, 0),
('O02', 460000, 4, null, 0, 0),
('P02', 435000, 5, '2025-05-07', 1, 0),
('Q01', 380000, 6, null, 0, 0),
('R02', 0, 1, '2025-01-22', 1, 0),
('S02', 150000, 2, null, 0, 0),
('T02', 0, 3, '2025-03-25', 1, 0),
('U02', 0, 4, null, 0, 0),
('V02', 230000, 5, '2025-05-17', 1, 0),
('W02', 600000, 6, '2025-06-07', 1, 0),
('X02', 360000, 1, null, 0, 0),
('Y02', 0, 2, '2025-02-19', 1, 0);


